[	
	{
	"imagen":"http://cloud10.todocoleccion.online/comics-ediciones-b/tc/2016/01/16/17/53825807.jpg",
	"titulo":"13 Rue del Percebe",
	"idcomic":"1",
	"fecha":"1965",
	"genero":"humor",
	"personaje":"ninguno",
	"empresa":"ole",
	"idioma":"español",
	"cultura":"europea",
	"sinopsis":"El volumen, por deseo de Ibáñez, solo contiene las páginas que él mismo realizó, entre 1961 y 1968, no las que hicieron otros dibujantes mientras duró la serie, tal como era habitual en la Bruguera de la época. Muchas de las historietas no habían vuelto a ver la luz desde que se publicaron en su día en 'Tío Vivo'. Los inquilinos de 13, Rue del Percebe ya forman parte de la iconografía popular. Ahí está el desconfiado tendero, la portera, a la que gusta hablar con Don Hurón, ‘habitante’ de la alcantarilla, la mezquina dueña de una superpoblada pensión, la anciana protectora de animales, el científico loco a lo doctor Frankenstein o el caco y su sufrida señora. Un edificio en el que el hasta el ascensor y el ratón y el gato, siempre persiguiendo el primero al segundo por la buhardilla, son tan protagonistas como el resto de vecinos."
	},
	{
	"imagen":"http://www.pitodoble.com/imagenes/2009/02/portada021972-400x567.jpg",
	"titulo":"13 Rue del Percebe",
		"idcomic":"2",
	"fecha":"1965",
	"genero":"humor",
	"personaje":"ninguno",
	"empresa":"ole",
	"idioma":"español",
	"cultura":"europea",
	"sinopsis":"El volumen, por deseo de Ibáñez, solo contiene las páginas que él mismo realizó, entre 1961 y 1968, no las que hicieron otros dibujantes mientras duró la serie, tal como era habitual en la Bruguera de la época. Muchas de las historietas no habían vuelto a ver la luz desde que se publicaron en su día en 'Tío Vivo'. Los inquilinos de 13, Rue del Percebe ya forman parte de la iconografía popular. Ahí está el desconfiado tendero, la portera, a la que gusta hablar con Don Hurón, ‘habitante’ de la alcantarilla, la mezquina dueña de una superpoblada pensión, la anciana protectora de animales, el científico loco a lo doctor Frankenstein o el caco y su sufrida señora. Un edificio en el que el hasta el ascensor y el ratón y el gato, siempre persiguiendo el primero al segundo por la buhardilla, son tan protagonistas como el resto de vecinos."
	}, 

	{
	"imagen":"http://cloud10.todocoleccion.online/tebeos-bruguera/tc/2010/07/26/20654324_5215079.jpg",
	"titulo":"13 Rue del Percebe",
		"idcomic":"3",
	"fecha":"1965",
	"genero":"humor",
	"personaje":"ninguno",
	"empresa":"ole",
	"idioma":"español",
	"cultura":"europea",
	"sinopsis":"El volumen, por deseo de Ibáñez, solo contiene las páginas que él mismo realizó, entre 1961 y 1968, no las que hicieron otros dibujantes mientras duró la serie, tal como era habitual en la Bruguera de la época. Muchas de las historietas no habían vuelto a ver la luz desde que se publicaron en su día en 'Tío Vivo'.Los inquilinos de 13, Rue del Percebe ya forman parte de la iconografía popular. Ahí está el desconfiado tendero, la portera, a la que gusta hablar con Don Hurón, ‘habitante’ de la alcantarilla, la mezquina dueña de una superpoblada pensión, la anciana protectora de animales, el científico loco a lo doctor Frankenstein o el caco y su sufrida señora. Un edificio en el que el hasta el ascensor y el ratón y el gato, siempre persiguiendo el primero al segundo por la buhardilla, son tan protagonistas como el resto de vecinos."
	}, 
	
	{
	"imagen":"http://cloud10.todocoleccion.online/tebeos-bruguera/fot/2008/03/24/7921165.jpg",
	"titulo":"13 Rue del Percebe",
		"idcomic":"4",
	"fecha":"1965",
	"genero":"humor",
	"personaje":"ninguno",
	"empresa":"ole",
	"idioma":"español",
	"cultura":"europea",
	"sinopsis":"El volumen, por deseo de Ibáñez, solo contiene las páginas que él mismo realizó, entre 1961 y 1968, no las que hicieron otros dibujantes mientras duró la serie, tal como era habitual en la Bruguera de la época. Muchas de las historietas no habían vuelto a ver la luz desde que se publicaron en su día en 'Tío Vivo'. Los inquilinos de 13, Rue del Percebe ya forman parte de la iconografía popular. Ahí está el desconfiado tendero, la portera, a la que gusta hablar con Don Hurón, ‘habitante’ de la alcantarilla, la mezquina dueña de una superpoblada pensión, la anciana protectora de animales, el científico loco a lo doctor Frankenstein o el caco y su sufrida señora. Un edificio en el que el hasta el ascensor y el ratón y el gato, siempre persiguiendo el primero al segundo por la buhardilla, son tan protagonistas como el resto de vecinos."
	}, 
	
	{
	"imagen":"http://cloud10.todocoleccion.online/tebeos-bruguera/tc/2016/08/06/16/58437931_1470493255.jpg",
	"titulo":"13 Rue del Percebe",
	"idcomic":"5",
	"fecha":"1965",
	"genero":"humor",
	"personaje":"ninguno",
	"empresa":"ole",
	"idioma":"español",
	"cultura":"europea",
	"sinopsis":"El volumen, por deseo de Ibáñez, solo contiene las páginas que él mismo realizó, entre 1961 y 1968, no las que hicieron otros dibujantes mientras duró la serie, tal como era habitual en la Bruguera de la época. Muchas de las historietas no habían vuelto a ver la luz desde que se publicaron en su día en 'Tío Vivo'. Los inquilinos de 13, Rue del Percebe ya forman parte de la iconografía popular. Ahí está el desconfiado tendero, la portera, a la que gusta hablar con Don Hurón, ‘habitante’ de la alcantarilla, la mezquina dueña de una superpoblada pensión, la anciana protectora de animales, el científico loco a lo doctor Frankenstein o el caco y su sufrida señora. Un edificio en el que el hasta el ascensor y el ratón y el gato, siempre persiguiendo el primero al segundo por la buhardilla, son tan protagonistas como el resto de vecinos."
	}, 
	
	{
	"imagen":"http://cloud10.todocoleccion.online/comics-ediciones-b/tc/2016/07/14/10/58004355.jpg",
	"titulo":"13 Rue del Percebe",
	"idcomic":"6",
	"fecha":"1965",
	"genero":"humor",
	"personaje":"ninguno",
	"empresa":"ole",
	"idioma":"español",
	"cultura":"europea",
	"sinopsis":"El volumen, por deseo de Ibáñez, solo contiene las páginas que él mismo realizó, entre 1961 y 1968, no las que hicieron otros dibujantes mientras duró la serie, tal como era habitual en la Bruguera de la época. Muchas de las historietas no habían vuelto a ver la luz desde que se publicaron en su día en 'Tío Vivo'. Los inquilinos de 13, Rue del Percebe ya forman parte de la iconografía popular. Ahí está el desconfiado tendero, la portera, a la que gusta hablar con Don Hurón, ‘habitante’ de la alcantarilla, la mezquina dueña de una superpoblada pensión, la anciana protectora de animales, el científico loco a lo doctor Frankenstein o el caco y su sufrida señora. Un edificio en el que el hasta el ascensor y el ratón y el gato, siempre persiguiendo el primero al segundo por la buhardilla, son tan protagonistas como el resto de vecinos."
	}, 
	
	{
	"imagen":"http://cloud10.todocoleccion.online/comics-ediciones-b/tc/2016/04/13/12/56096452.jpg",
	"titulo":"13 Rue del Percebe",
		"idcomic":"7",
	"fecha":"1965",
	"genero":"humor",
	"personaje":"ninguno",
	"empresa":"ole",
	"idioma":"español",
	"cultura":"europea",
	"sinopsis":"El volumen, por deseo de Ibáñez, solo contiene las páginas que él mismo realizó, entre 1961 y 1968, no las que hicieron otros dibujantes mientras duró la serie, tal como era habitual en la Bruguera de la época. Muchas de las historietas no habían vuelto a ver la luz desde que se publicaron en su día en 'Tío Vivo'. Los inquilinos de 13, Rue del Percebe ya forman parte de la iconografía popular. Ahí está el desconfiado tendero, la portera, a la que gusta hablar con Don Hurón, ‘habitante’ de la alcantarilla, la mezquina dueña de una superpoblada pensión, la anciana protectora de animales, el científico loco a lo doctor Frankenstein o el caco y su sufrida señora. Un edificio en el que el hasta el ascensor y el ratón y el gato, siempre persiguiendo el primero al segundo por la buhardilla, son tan protagonistas como el resto de vecinos."
	}, 
	
	{
	"imagen":"http://cloud10.todocoleccion.online/comics-ediciones-b/tc/2016/06/21/15/57593285.jpg",
	"titulo":"13 Rue del Percebe",
		"idcomic":"8",
	"fecha":"1965",
	"genero":"humor",
	"personaje":"ninguno",
	"empresa":"ole",
	"idioma":"español",
	"cultura":"europea",
	"sinopsis":"El volumen, por deseo de Ibáñez, solo contiene las páginas que él mismo realizó, entre 1961 y 1968, no las que hicieron otros dibujantes mientras duró la serie, tal como era habitual en la Bruguera de la época. Muchas de las historietas no habían vuelto a ver la luz desde que se publicaron en su día en 'Tío Vivo'. Los inquilinos de 13, Rue del Percebe ya forman parte de la iconografía popular. Ahí está el desconfiado tendero, la portera, a la que gusta hablar con Don Hurón, ‘habitante’ de la alcantarilla, la mezquina dueña de una superpoblada pensión, la anciana protectora de animales, el científico loco a lo doctor Frankenstein o el caco y su sufrida señora. Un edificio en el que el hasta el ascensor y el ratón y el gato, siempre persiguiendo el primero al segundo por la buhardilla, son tan protagonistas como el resto de vecinos."
	}, 
	
	{
	"imagen":"http://cloud10.todocoleccion.online/comics-ediciones-b/tc/2016/05/12/14/56788059.jpg",
	"titulo":"13 Rue del Percebe",
		"idcomic":"9",
	"fecha":"1965",
	"genero":"humor",
	"personaje":"ninguno",
	"empresa":"ole",
	"idioma":"español",
	"cultura":"europea",
	"sinopsis":"El volumen, por deseo de Ibáñez, solo contiene las páginas que él mismo realizó, entre 1961 y 1968, no las que hicieron otros dibujantes mientras duró la serie, tal como era habitual en la Bruguera de la época. Muchas de las historietas no habían vuelto a ver la luz desde que se publicaron en su día en 'Tío Vivo'. Los inquilinos de 13, Rue del Percebe ya forman parte de la iconografía popular. Ahí está el desconfiado tendero, la portera, a la que gusta hablar con Don Hurón, ‘habitante’ de la alcantarilla, la mezquina dueña de una superpoblada pensión, la anciana protectora de animales, el científico loco a lo doctor Frankenstein o el caco y su sufrida señora. Un edificio en el que el hasta el ascensor y el ratón y el gato, siempre persiguiendo el primero al segundo por la buhardilla, son tan protagonistas como el resto de vecinos."
	}, 
	
	{
	"imagen":"http://cloud2.todocoleccion.net/comics-ediciones-b/tc/2013/10/31/21/39757375.jpg",
	"titulo":"13 Rue del Percebe",
		"idcomic":"10",
	"fecha":"1965",
	"genero":"humor",
	"personaje":"ninguno",
	"empresa":"ole",
	"idioma":"español",
	"cultura":"europea",
	"sinopsis":"El volumen, por deseo de Ibáñez, solo contiene las páginas que él mismo realizó, entre 1961 y 1968, no las que hicieron otros dibujantes mientras duró la serie, tal como era habitual en la Bruguera de la época. Muchas de las historietas no habían vuelto a ver la luz desde que se publicaron en su día en 'Tío Vivo'.Los inquilinos de 13, Rue del Percebe ya forman parte de la iconografía popular. Ahí está el desconfiado tendero, la portera, a la que gusta hablar con Don Hurón, ‘habitante’ de la alcantarilla, la mezquina dueña de una superpoblada pensión, la anciana protectora de animales, el científico loco a lo doctor Frankenstein o el caco y su sufrida señora. Un edificio en el que el hasta el ascensor y el ratón y el gato, siempre persiguiendo el primero al segundo por la buhardilla, son tan protagonistas como el resto de vecinos."
	},
	

	{
	"imagen":"http://1.bp.blogspot.com/-SdoRnOIc0rw/VlYB01BRkFI/AAAAAAAADKA/dvyTb3aWa3w/s1600/Punisher_Vol_8_1.jpg",
	"titulo":"El castigador, Punisher",
		"idcomic":"64",
	"fecha":"1974",
	"genero":"aventura",
	"personaje":"PUNISHER",
	"empresa":"marvel",
	"idioma":"inglés",
	"cultura":"americana",
	"sinopsis":"The Punisher (en español, Castigador) es un justiciero y un antihéroe ficticio del universo de Marvel Comics. Creado en 1974 por el guionista Gerry Conway y los dibujantes John Romita Sr. y Ross Andru, su primera aparición fue en The Amazing Spider-Man n.º 129 (febrero de 1974) como antagonista y rival de Spider-Man. Aunque a veces es considerado un héroe, Punisher es un justiciero salvaje y despiadado que considera matar, secuestrar, extorsionar, amenazar y torturar como tácticas aceptables de lucha contra el crimen. Aunque siempre de una manera que no perjudique a las personas inocentes o civiles, en donde su preocupación es tal que planea siempre cada paso para no dañarles, con estrategia militar usada a la perfección. Tras la muerte de su esposa e hijos, asesinados por la mafia cuando atestiguaron una ejecución de gángsters en Central Park de Nueva York, Frank Castle emprende una guerra personal contra los criminales, usando toda clase de tácticas y armamento. Como veterano de guerra, Frank es un maestro de artes marciales, infiltración, combate cuerpo a cuerpo, planificación estratégica y tiene un amplio conocimiento sobre numerosos tipos de armas."
	},
	
	{
	"imagen":"http://4.bp.blogspot.com/_lwXTn2UJuss/TJx93hF3I5I/AAAAAAAAB-0/0RLh6cBsr5I/s1600/PUNISHEREM001_2009_hi_res_col_000.jpg",
	"titulo":"El castigador, Punisher",
		"idcomic":"65",
	"fecha":"1974",
	"genero":"aventura",
	"personaje":"PUNISHER",
	"empresa":"marvel",
	"idioma":"inglés",
	"cultura":"americana",
	"sinopsis":"La voluntad y la naturaleza brutal de Punisher para matar lo hicieron un gran personaje en los cómics americanos de 1974. A finales de los 80 se vendían varias series mensuales como Punisher: Diario de guerra, Punisher: Zona de guerra y El arsenal de Punisher. Apareció en varios episodios de la serie televisiva de Spider-Man de 1994. También cuenta con tres películas: The Punisher (1989) con Dolph Lundgren como protagonista, The Punisher (2004) con Thomas Jane y Punisher: War Zone (2008) con Ray Stevenson. Para la serie de Netflix Marvel's Daredevil es interpretado por Jon Bernthal, el cual también tendrá su propia serie, la cual podría estrenarse en algún momento del 20171 ."
	}, 
	
	{
	"imagen":"http://cdn1.sciencefiction.com/wp-content/uploads/2012/05/The-Punisher_11-674x10241.jpg",
	"titulo":"El castigador, Punisher",
		"idcomic":"66",
	"fecha":"1974",
	"genero":"aventura",
	"personaje":"PUNISHER",
	"empresa":"marvel",
	"idioma":"inglés",
	"cultura":"americana",
	"sinopsis":"Punisher es muy similar a Mack Bolan, también conocido como el Ejecutor, un personaje creado en 1969 por el escritor Don Pendleton para una serie de historias tituladas Guerra contra la Mafia. Pero hay varias diferencias visibles entre Bolan y Castle: Bolan no tenía una esposa e hijos, ni su familia fue asesinada directamente por criminales. En su lugar, la hermana de Bolan ejercía la prostitución, inducida por un jefe de la mafia, y el padre de Bolan, acosado por deudas de juego, había matado a su propia esposa, a su hijo (hermano de Bolan) y casi a su hermana, antes de suicidarse utilizando la misma arma. El personaje de Pendleton también tenía relaciones más numerosas y más íntimas con las mujeres que las que Punisher ha tenido, a menudo acostándose con varias en el espacio de una historia. En cambio, Castle no ha tenido casi ningún asunto romántico desde la muerte de su esposa. Además, Frank confía más en el combate cuerpo a cuerpo que Bolan."
	}, 
	
	{
	"imagen":"http://www.saltmanz.com/pictures/albums/Cover%20Scans/Comic%20Covers/Punisher%20War%20Zone%2010.jpg",
	"titulo":"El castigador, Punisher",
		"idcomic":"67",
	"fecha":"1974",
	"genero":"aventura",
	"personaje":"PUNISHER",
	"empresa":"marvel",
	"idioma":"inglés",
	"cultura":"americana",
	"sinopsis":"Punisher fue creado por Gerry Conway y Ross Andru, que eran entonces el escritor y el dibujante regular, respectivamente, en la colección The Amazing Spider-Man, con la colaboración del director artístico de Marvel John Romita Sr. que trabajaba en el diseño formal. Conway afirma que también ayudó en el diseño del característico traje del personaje: «En los años 70, como guionista de cómics para DC y Marvel, tenía como costumbre realizar bocetos de mis propias ideas para los trajes de nuevos personajes (héroes y delincuentes) que ofrecía a los dibujantes como referencia de la imagen que tenía en mente. Había hecho eso con Punisher en Marvel». [cita requerida]Conway había dibujado un personaje con una pequeña calavera en un pecho. John Romita Sr. (que era entonces director artístico de Marvel) aumentó enormemente el tamaño de la misma, de modo que ocupaba la mayor parte del pecho, y le añadió en la cintura una canana que formaba los dientes de la calavera.Punisher era en su primera aparición un antagonista de Spider-Man debido al engaño urdido por el supervillano Chacal. El personaje ganó inmediatamente popularidad e hizo varias apariciones más en otros títulos de Spider-Man y series de la década de 1970."
	}, 
	
	{
	"imagen":"http://ifanboy.com/wp-content/uploads/2011/10/The-Punisher_4-674x1024.jpg",
	"titulo":"El castigador, Punisher",
		"idcomic":"68",
	"fecha":"1974",
	"genero":"aventura",
	"personaje":"PUNISHER",
	"empresa":"marvel",
	"idioma":"inglés",
	"cultura":"americana",
	"sinopsis":"Frank Castle es un ex marine que tenía una vida ordinaria con su mujer e hijos. Él, su esposa y sus hijos fueron de paseo al Central Park, donde fueron testigos de un golpe de la mafia, por lo tanto los cuatro fueron abatidos por la mafia y él fue el único superviviente. Escapó milagrosamente con vida y juró castigar a los responsables. Desde ese momento, Frank Castle se decidió a iniciar una guerra abierta contra el crimen, utilizando para ello métodos que no siempre se encuentran dentro de la ley.Castle desapareció durante varios meses, siendo insumiso en los Marines. Durante el tiempo que estuvo desaparecido, acumuló recursos y armas. Cuando resurgió, había adaptado sus habilidades de lucha para realizar una guerra de un solo hombre contra el crimen. Una guerra donde no se haría prisioneros. Castle, como primera misión, asesinó a los criminales que habían matado a su mujer e hijos. Frank ha coincidido en varias ocasiones con otros héroes disfrazados de Nueva York, como Spider-Man y Daredevil, a quienes considera una mezcla de desorden y molestias. Según su forma de verlo, él es el único que marca la diferencia, erradicando de manera definitiva el crimen. Cree que los demás simplemente ponen vendajes en las heridas. Aunque Frank Castle ha cooperado en alguna ocasión con ellos, Spider-Man y Daredevil son polos opuestos en sus respectivas formas de ver el crimen y el castigo, y con frecuencia luchan cuando se encuentran. De alguna forma, Castle disfruta siendo el antagonista de Daredevil, a quien considera la representación del sistema legal de la nación. Algunos policías no lo detienen al verlo, ya que prefieren ocuparse de los verdaderos criminales antes de encarcelar, según algunos, a quien limpia la ciudad."
	}, 
	
	{
	"imagen":"http://www.saltmanz.com/pictures/albums/Cover%20Scans/Comic%20Covers/Punisher%20War%20Zone%203.jpg",
	"titulo":"El castigador, Punisher",
		"idcomic":"69",
	"fecha":"1974",
	"genero":"aventura",
	"personaje":"PUNISHER",
	"empresa":"marvel",
	"idioma":"inglés",
	"cultura":"americana",
	"sinopsis":"Aun así, Punisher ha sido encarcelado muchas veces por sus crímenes, pero siempre encuentra alguna forma de escapar, ya sea por sus propios medios o con ayuda de guardias que simpatizan con su forma de actuar. Incluso en prisión, Castle ha continuado asesinando criminales. A través de los años, otras personas con sentimientos parecidos o que han perdido a alguien querido en circunstancias comparables han colaborado con Punisher. Oficiales de policía y fiscales, frustrados con las limitaciones del sistema legal, han ayudado a Punisher proporcionándole información sobre criminales o cerrando los ojos ante sus acciones. Él prefiere mantener estas interacciones al mínimo, llegando incluso a asesinar a varios de esos justicieros imitadores. Su misión y su filosofía son simples, por eso está solo. Punisher no busca seguidores o compañeros.Al haber expandido, desde hace tiempo, su misión de una venganza personal a la exterminación de todos los criminales, Castle comprende perfectamente que su cruzada nunca acabará hasta el día que muera. Es tan disciplinado ahora como cuando era Marine: recopila información, establece objetivos y planifica sus operaciones hasta el menor detalle. Es virtualmente imposible sorprender a Castle con la guardia baja. Aunque las autoridades y las grandes familias mafiosas de Nueva York conocen su existencia, Punisher continúa rodeado de la mística de una leyenda urbana. Para muchos criminales, él es la pesadilla definitiva, obsesionado y completamente imparable."
	},


	{
	"imagen":"http://vignette1.wikia.nocookie.net/mortadelo-y-filemn/images/d/d7/Chapeau_el_esmirriau_(c%C3%B3mic).gif/revision/latest?cb=20130517183843&path-prefix=es",
	"titulo":"Mortadelo y Filemon",
		"idcomic":"99",
	"fecha":"1961",
	"genero":"humor",
	"personaje":"ninguno",
	"empresa":"ole",
	"idioma":"español",
	"cultura":"europea",
	"sinopsis":"Originalmente, estas historietas fueron publicadas serializadas en revistas como Pulgarcito o Mortadelo. Posteriormente, han sido recopiladas en álbumes de la Colección Olé!, hasta que a mediados de los 90, con la desaparición de las revistas, ésta se convirtió en su forma primera de publicación. Hay otras colecciones recopilatorias como Super Humor, Magos del humor, etc. También se editan libros con chistes y curiosidades diversas, como Guía para la vida del joven de hoy en día, Guía para la vida del estudiante de hoy en día, Guía para la vida de un agente de la T.I.A y ¡Dibújalos tú solito!En la colección Olé!La Colección Olé! recopila la mayoría de la historietas largas, aunque mezcla antiguas con modernas en un orden aleatorio que pasa por alto el orden cronológico de las mismas. Estas historietas independientes, de 44 a 48 páginas cada una, aparecían seguidas de historietas cortas de entre una y ocho páginas hasta completar 60 en cada libro. En ocasiones, el álbum no lleva siquiera el título de la historieta larga, como en Solos ante el peligro, No se gana para sustos y Dos turulatos muy guapos que contienen Misión de perros, El plano de Alí-gusa-no y El caso de los señores pequeñitos, respectivamente. Sin embargo, algunos números no son más que recopilatorios de historietas cortas de Mortadelo y Filemón, tanto de su época como Agencia de Información y tras formar parte de la T.I.A. Álbumes tales como Agencia de Información, Un topo y dos berberechos, Pitorreo a domicilio, Los demás, todos maltrechos, La caza del caco, La historia de Mortadelo y Filemón, Gente de recochineo fino, Dos cabestros y un pollino, ¡Sálvese quien pueda! ¡Auxilio!, Tres cerebelos estrechos, Reyes de la risa, El embrollo matutino, Ceporros en pleno idilio, Alegres aventuras, Agentes a mogollón, Vaya par de chiflados, Detectives de ocasión y De nuevo en ebullición. También ha habido recopilaciones de historietas cortas apócrifas como La torta sicodélica, La bolsa o la vida y De bote en bote y otras historias. La nueva y más reciente edición de la Colección Olé! no incluye títulos que sí incluyó la versión antigua de la colección, como por ejemplo El rescate botarate o La maldición gitana."
	},
	
	{
	"imagen":"http://articulos.telocompro.es/anuncios_ma/f10818_1.jpg",
	"titulo":"Mortadelo y Filemon",
		"idcomic":"100",
	"fecha":"1961",
	"genero":"humor",
	"personaje":"ninguno",
	"empresa":"ole",
	"idioma":"español",
	"cultura":"europea",
	"sinopsis":"Entre 1965 y 1970 se realizaron una serie de cortometrajes de animación sobre Mortadelo y Filemón, producidos por los Estudios Vara.16 Aunque la intención de los animadores era crear una serie de televisión, no tenían la capacidad de realizar tantos episodios como les exigía el medio, por lo que los 16 cortometrajes que se crearon se dividieron en dos películas17 (ver sección Cine), cada corto tiene una duración aproximada de 6 minutos. Son independientes y originales, pues no están basados en ninguna historieta en cómic hasta ahora aparecidas.Años después, en 1994, se creó la serie de animación homónima para televisión propiamente dicha, obra de BRB Internacional y Antena 3. Consta de 26 episodios divididos en dos temporadas de 13 capítulos de 20 minutos de duración cada uno. Esta vez sí están basados en las aventuras largas creadas por Ibáñez.18"
	}, 
	
	{
	"imagen":"http://mortadelo-filemon.es/images/photos/Portadas/Ases%20y%20Magos/Ases_del_Humor/07Chapeauelesmirriau.jpg",
	"titulo":"Mortadelo y Filemon",
		"idcomic":"101",
	"fecha":"1961",
	"genero":"humor",
	"personaje":"ninguno",
	"empresa":"ole",
	"idioma":"español",
	"cultura":"europea",
	"sinopsis":"En Mortadelo y Filemón, agencia de información, Filemón es el jefe de una agencia de detectives y tiene a Mortadelo como empleado y único ayudante. Las primeras historias eran de una sola página en blanco y negro (salvo cuando ésta ocupaba la portada) con seis filas de viñetas y seguían un esquema muy sencillo: Alguien contrata los servicios de la agencia, pero al intentar cumplir la misión, se produce algún equívoco que resulta en un completo fracaso de ésta. El descubrimiento del equívoco terminaba generalmente en una persecución o en alguien desmayándose."
	}, 
	
	{
	"imagen":"http://www.tebeosfera.com/imagenes/numeros/3/5/numeros-F719-338-358-435.jpg",
	"titulo":"Mortadelo y Filemon",
		"idcomic":"102",
	"fecha":"1961",
	"genero":"humor",
	"personaje":"ninguno",
	"empresa":"ole",
	"idioma":"español",
	"cultura":"europea",
	"sinopsis":"En Mortadelo y Filemón, agencia de información, Filemón es el jefe de una agencia de detectives y tiene a Mortadelo como empleado y único ayudante. Las primeras historias eran de una sola página en blanco y negro (salvo cuando ésta ocupaba la portada) con seis filas de viñetas y seguían un esquema muy sencillo: Alguien contrata los servicios de la agencia, pero al intentar cumplir la misión, se produce algún equívoco que resulta en un completo fracaso de ésta. El descubrimiento del equívoco terminaba generalmente en una persecución o en alguien desmayándose. Esta estructura de presentación-equívoco-desenlace era extremadamente común en las historietas de la escuela Bruguera.Filemón tenía nariz aguileña, vestía chaqueta y sombrero de felpa y fumaba en pipa (en el número 1404 de Pulgarcito llegó incluso a vestir el impermeable y sombrero a cuadros característico de la mayoría de las ilustraciones de Holmes). Mortadelo, por su parte, además de las habituales gafas y levita negras, llevaba bombín y paraguas del mismo color. El bombín servía además a Mortadelo para guardar los disfraces, un recurso que con el tiempo se revelaría innecesario. Otra característica del Mortadelo primigenio (y que sólo duró unas pocas historietas) eran unos ojos perpetuamente entrecerrados que le conferían un aspecto despistado."
	}, 
	
	{
	"imagen":"http://vignette1.wikia.nocookie.net/mortadelo-y-filemn/images/6/67/La_caza_del_caco.gif/revision/latest?cb=20130514192426&path-prefix=es",
	"titulo":"Mortadelo y Filemon",
		"idcomic":"103",
	"fecha":"1961",
	"genero":"humor",
	"personaje":"ninguno",
	"empresa":"ole",
	"idioma":"español",
	"cultura":"europea",
	"sinopsis":"Este primitivo aspecto fue depurándose con el tiempo, adquiriendo pronto un aspecto similar al actual: Mortadelo mantendría su levita negra, pero desaparecerían el sombrero y el paraguas; mientras tanto Filemón fue reduciendo paulatinamente su nariz larga y aguileña y su indumentaria pasó a consistir en una pajarita negra, camisa blanca, pantalones rojos y, en ocasiones, chaqueta a juego. Se inician las historietas largas, que suelen tener 44 páginas y habitualmente están organizadas en episodios autoconclusivos de 4 caras que suelen narrar los sucesos de un día. La razón de esta estructura era que estos episodios serían publicados semanalmente; inicialmente en la revista Gran Pulgarcito y más tarde en la revista Mortadelo. El hilo argumental de las historietas sirve sólo como medio para estructurar los capítulos y como base para encadenar las situaciones cómicas. Aparte de la publicación serializada también eran publicadas de forma completa en la colección Olé.En esta nueva etapa de Mortadelo y Filemón, el humor no se basa tan sólo en el descubrimiento de un equívoco, sino que múltiples recursos humorísticos son empleados de forma continua: parodias, bromas visuales, humor absurdo, enredos, juegos de palabras, etc."
	}, 
	
	{
	"imagen":"http://seronoser.free.fr/bruguera/lasautenticas/85lossobrinetesbbl2.jpg",
	"titulo":"Mortadelo y Filemon",
		"idcomic":"104",
	"fecha":"1961",
	"genero":"humor",
	"personaje":"ninguno",
	"empresa":"ole",
	"idioma":"español",
	"cultura":"europea",
	"sinopsis":"Las historietas tienen otra característica propia de Ibáñez: el humor del fondo de cada viñeta. Al fondo de la viñeta, ajenos a la acción principal, hay diversos elementos humorísticos. Así por ejemplo, nos podemos encontrar con una araña disfrazada, un ratón persiguiendo a un gato, un tiesto del que en vez de una flor brota una berenjena, dos edificios besándose, una señal de prohibido aparcar camellos, un lápiz con un señor en la oreja, el sol con una bufanda, un señor con dos cabezas, etc. Uno de estos elementos se hizo muy conocido tras el 11-S: en una vista de Nueva York, en la que se ve una estatua de Francisco Ibáñez junto a la Estatua de la Libertad en el especial 35 aniversario, se pueden observar al fondo las Torres Gemelas, y hay un avión estrellado en una de ellas,11 dado que la historieta es de 1992 no se trata, obviamente, más que de una desafortunada coincidencia. Estos elementos dan un toque especial de humor a las viñetas, aunque el autor incluye cada vez menos elementos de este tipo, reservándolos para las portadas y escenas de mayor tamaño."
	}, 
	
	{
	"imagen":"http://static2.comicvine.com/uploads/scale_large/12/127426/2510767-ole035___el_caso_del_se_or_probeta___p_gina_1.jpg",
	"titulo":"Mortadelo y Filemon",
		"idcomic":"105",
	"fecha":"1961",
	"genero":"humor",
	"personaje":"ninguno",
	"empresa":"ole",
	"idioma":"español",
	"cultura":"europea",
	"sinopsis":"No hay una definición clara de los bienes de Mortadelo o Filemón, si bien, siempre pecan de no tener ni blanca y para desplazarse usan los más variopintos vehículos proporcionados por la T.I.A., lo cierto es que en algunas historietas, Filemón, Mortadelo o ambos poseen un coche o una moto, casi siempre nuevos y casi siempre lo terminan empotrando en algún árbol o rodando por un barranco.asa lo mismo con las casas, siempre viven en un 30 o 35 piso y si la destrozan de un bombazo, al día siguiente vuelven a tener alojamiento.Si bien los personajes nunca envejecen, se van adaptando a los tiempos, de este modo, historias de los años 70 - 80 reflejaban la tecnología de la época y en las historietas actuales, hablan en euros y utilizan móviles, aunque la esencia siempre es la misma.Los personajes siempre se hablan de usted, puede ser influencia directa de Sherlock Holmes y Watson, que ambos se hablan de usted aun siendo viejos conocidos.En ocasiones, aunque Mortadelo o Filemón caigan desde un 20º piso y destrocen el pavimento en la caída, tan sólo se hacen un chichón."
	}, 
	
	{
	"imagen":"http://static7.comicvine.com/uploads/scale_small/12/127426/2508332-16852862.jpg",
	"titulo":"Mortadelo y Filemon",
		"idcomic":"106",
	"fecha":"1961",
	"genero":"humor",
	"personaje":"ninguno",
	"empresa":"ole",
	"idioma":"español",
	"cultura":"europea",
	"sinopsis":"Como la mayoría de las aventuras termina en desastre, cuando no hay persecución suele verse a Mortadelo y Filemón huyendo por los lugares más inhóspitos y remotos del planeta (el desierto de Gobi, el del Sahara, los altos del Golán, las islas Columbretes, la isla de Pascua, la Antártida, etc.) mientras a su lado, un diario da cuenta del desaguisado de turno, al tiempo que advierte que el Súper está buscando a la pareja por un lugar completamente distinto. Variantes de este final pueden verse con Mortadelo leyendo el periódico o escuchando un parte radiofónico.Mortadelo y Filemón suelen atrapar al malo de turno porque ellos, creyendo que es una persona normal, le dan un golpe sin querer (a veces se llevan el mérito otros agentes).Cuando Bacterio prueba un invento con alguien acaba habiendo huida, persecucción, pelea o muerte (esta última de quien lo ha probado).Cuando Mortadelo y Filemón intentan acabar con algún criminal a escondidas, éste no se lleva ni un rasguño y Mortadelo o Filemón o ambos se llevan todos los palos, mientras que si se trata de proteger a alguien, lo matan lentamente hasta dejarlo gravemente herido o en otros casos chalado, y por ende éste prefiere ir al infierno que estar con esos dos agentes.La interjección más utilizada, quizá el 95% de los casos es ¡rayos!"
	}, 
	
	{
	"imagen":"http://vignette1.wikia.nocookie.net/mortadelo-y-filemn/images/8/8e/El_UVA.gif/revision/latest?cb=20130519120636&path-prefix=es",
	"titulo":"Mortadelo y Filemon",
		"idcomic":"107",
	"fecha":"1961",
	"genero":"humor",
	"personaje":"ninguno",
	"empresa":"ole",
	"idioma":"español",
	"cultura":"europea",
	"sinopsis":"La T.I.A. tiene entradas secretas en los más recónditos lugares, como pueda ser una simple señal de tráfico o un cartel publicitario de un circo, hasta el círculo del sol que se ve desde la Tierra, pero solo los agentes saben cómo entrar, siendo trampas para el resto de viandantes.Como la mayoría de las aventuras termina en desastre, cuando no hay persecución suele verse a Mortadelo y Filemón huyendo por los lugares más inhóspitos y remotos del planeta (el desierto de Gobi, el del Sahara, los altos del Golán, las islas Columbretes, la isla de Pascua, la Antártida, etc.) mientras a su lado, un diario da cuenta del desaguisado de turno, al tiempo que advierte que el Súper está buscando a la pareja por un lugar completamente distinto. Variantes de este final pueden verse con Mortadelo leyendo el periódico o escuchando un parte radiofónico."
	}, 

	{
	"imagen":"https://bbltk.com/imagenes/portadas/internal/1189003.jpg",
	"titulo":"Mortadelo y Filemon",
		"idcomic":"108",
	"fecha":"1961",
	"genero":"humor",
	"personaje":"ninguno",
	"empresa":"ole",
	"idioma":"español",
	"cultura":"europea",
	"sinopsis":"Mortadelo y Filemón siempre huyen cuando el Súper les quiere hacer probar un invento del profesor Bacterio. A Filemón no le gusta que Mortadelo se esté probando disfraces a todas horas. Bacterio suele probar cada uno de sus nuevos inventos para la salud e índole personal entre alguno de los miembros de la empresa, como trabajadoras, secretarias (Ofelia en mayor medida) y otros agentes, con funestos resultados. Mortadelo y Filemón intentan ligar con Irma sin mucho éxito, teniendo Mortadelo algo más de suerte. En las primeras historietas cortas, Filemón está siempre gritando y dando órdenes a Mortadelo. Las siglas de las agencias criminales siempre forman acrónimos como A.B.U.E.L.A. o S.O.B.R.I.N.A."
	},
	
	{
	"imagen":"http://mortadelo-filemon.es/images/photos/Portadas/Mortadelo/Mortadelo_Extra_Bruguera/Extra_1977-78_Navidad.jpg",
	"titulo":"Mortadelo y Filemon",
		"idcomic":"109",
	"fecha":"1961",
	"genero":"humor",
	"personaje":"ninguno",
	"empresa":"ole",
	"idioma":"español",
	"cultura":"europea",
	"sinopsis":"Ofelia se intenta poner guapa y coqueta, pero Mortadelo y Filemón acaban estropeándole el día. Ofelia anda detrás de Mortadelo (y en menor grado, de Filemón), tirándole los tejos y soñando en ser correspondida.Bacterio suele fracasar en sus inventos, obteniendo como resultado cosas inesperadas (en ocasiones justo lo contrario para lo que fue creado el invento). A veces, el invento funciona exactamente como se esperaba, pero lo hace en situaciones delicadas para Mortadelo y Filemón, los cuales acaban sufriendo la inoportunidad. El Súper suele perseguir a Mortadelo y Filemón cuando éstos fracasan en una misión, cuando se mofan de él o cuando le ignoran al explicarles los detalles de una misión."
	},

	
	{
	"imagen":"http://cloud10.todocoleccion.online/tebeos-bruguera/tc/2011/06/09/27379512.jpg",
	"titulo":"ZIPI Y ZAPE",
		"idcomic":"168",
	"fecha":"1955",
	"genero":"aventura",
	"personaje":"ninguno",
	"empresa":"bruguera",
	"idioma":"español",
	"cultura":"europea",
	"sinopsis":"Zipi y Zape es una historieta humorística creada y desarrollada por el autor español José Escobar a partir de 1948, la más popular de las suyas, y una de las más populares del medio en España, sólo por detrás de Mortadelo y Filemón, al menos en su época.1 Adscrita habitualmente a la escuela Bruguera, ha gozado además de multitud de adaptaciones a otros medios, así como una continuación por parte de Juan Carlos Ramis y Joaquín Cera."
	},
	
	{
	"imagen":"http://www.tebeosfera.com/imagenes/publicaciones/7/5/publicaciones-F377-738-128-875.jpg",
	"titulo":"ZIPI Y ZAPE",
		"idcomic":"169",
	"fecha":"1955",
	"genero":"aventura",
	"personaje":"ninguno",
	"empresa":"bruguera",
	"idioma":"español",
	"cultura":"europea",
	"sinopsis":"Zipi y Zape se enmarca en la tradición de niños revoltosos del cómic que parte de Max und Moritz (1865) y pasa por The Katzenjammer Kids (1897).2 1 Aparecieron de forma oficial en el número 58 del tebeo Pulgarcito, aunque Escobar ya había publicado historietas similares uno o dos años antes.3 Todas sus primeras historietas eran breves, de entre 1 a 8 páginas. Pronto empezaron a publicarse también en otras revistas de la casa: Súper Pulgarcito (1949), Ven y Ven(1959), Gran Pulgarcito (1969) y Mortadelo (1970).4 Escobar produjo entonces algunas historietas de mayor extensión, alcanzando las 44 páginas del clásico álbum franco-belga:"
	}, 
	
	{
	"imagen":"http://www.tebeosfera.com/imagenes/numeros/7/3/zipi-y-zapeprimavera-1973.jpg",
	"titulo":"ZIPI Y ZAPE",
		"idcomic":"170",
	"fecha":"1973",
	"genero":"aventura",
	"personaje":"ninguno",
	"empresa":"bruguera",
	"idioma":"español",
	"cultura":"europea",
	"sinopsis":"En 1971, Zipi y Zape consiguió sus propias revistas: La homónima de carácter semanal, y el mensual Super Zipi y Zape.1 También ese año, sus aventuras empezarón a ser recopiladas en álbumes de la Colección Olé o los tomos de Súper Humor, Magos del humor, etc. Se editaron además libros con chistes y curiosidades diversas. En 1976 su revista alcanzaba una tirada semanal de 124.500 ejemplares.5 Dos años después, Bruguera lanzó otra revista más. En los años ochenta, Escobar se vio obligado a abandonar sus personajes ante el declive económico de Bruguera, y creó una serie similar, Terre y Moto, para la revista Guai! (Grijalbo, 1986).1"
	}, 
	
	{
	"imagen":"http://cloud10.todocoleccion.online/tebeos-bruguera/tc/2010/11/04/22540873.jpg",
	"titulo":"ZIPI Y ZAPE",
		"idcomic":"171",
	"fecha":"1955",
	"genero":"aventura",
	"personaje":"ninguno",
	"empresa":"bruguera",
	"idioma":"español",
	"cultura":"europea",
	"sinopsis":"Al adquirir Ediciones B el fondo editorial de Bruguera, Escobar regresó a sus personajes clásicos. Continuó trabajando en la serie, a pesar de su avanzada edad, hasta su muerte en 1994. Durante esta época Juan Carlos Ramis en las revistas contenedoras de las historietas Zipi y Zape dibujaba a estos personajes en secciones temáticas a dos páginas, o en la sección nuestro album de fotos en el cual dibujaba fotos de la familia Zapatilla en situaciones absurdas, muy características del humor de Ramis. 83En el año 2000, los herederos de Escobar dieron el visto bueno para que Juan Carlos Ramis y Joaquín Cera continuasen la saga, pero tuvieron escaso éxito.5 Crearon las siguientes historietas largas"
	}, 
	
	{
	"imagen":"https://scriptoriumav.files.wordpress.com/2014/07/escobar-07.jpg",
	"titulo":"ZIPI Y ZAPE",
		"idcomic":"172",
	"fecha":"1955",
	"genero":"aventura",
	"personaje":"ninguno",
	"empresa":"bruguera",
	"idioma":"español",
	"cultura":"europea",
	"sinopsis":"Otro rasgo a destacar es que ambos son muy forofos del fútbol, deporte que practican constantemente, Zipi es del Real Madrid y Zape del FC Barcelona, como demostraron cuando en una historieta (posteriormente a la muerte de su creador José Escobar y reeditados para la adaptación a los nuevos tiempos), Zipi se vistió con la camiseta de Zidane y Zape con la de Saviola, en otra, Zipi juega en una consola con el Madrid y los jugadores Buyo y Butragueño, y Zape con el Barça y los jugadores Urruti y Clos."
	}, 
	
	{
	"imagen":"http://cloud10.todocoleccion.online/tebeos-bruguera/fot/2007/07/29/5545727.jpg",
	"titulo":"ZIPI Y ZAPE",
		"idcomic":"173",
	"fecha":"1955",
	"genero":"aventura",
	"personaje":"ninguno",
	"empresa":"bruguera",
	"idioma":"español",
	"cultura":"europea",
	"sinopsis":"Este par de gemelos, que se distinguen entre sí por ser uno moreno (Zape) y otro rubio (Zipi), se caracterizaban principalmente por las endiabladas travesuras en que incurrían a la menor ocasión. Los mismos nombres de los protagonistas provienen de la palabra zipizape, que significa alboroto. La personalidad de Zipi y Zape es muy simple, son muchachos traviesos e inquietos, lo que no quita que tengan un buen corazón. De hecho, una obsesión suya es lo que ellos llaman Hacer una buena obra. Generalmente el resultado es desastroso y suelen acabar sus historietas con alguien persiguiéndoles, o siendo recluidos por su padre en el cuarto de los ratones.1 En cualquier caso, los castigos que recibían eran mucho más crueles en sus primeras historietas.3 Y es que el Decreto de 24 de junio de 1955 sobre ordenación de la prensa infantil y juvenil, había obligado a su autor a suavizar la crudeza de la serie.2"
	}
]