[	
	
	{
	"imagen":"http://www.zonanegativa.com/imagenes/2013/03/detective-comics_18_portada.jpg",
	"titulo":"BATMAN",
		"idcomic":"25",
	"fecha":"1988",
	"genero":"aventura",
	"personaje":"batman",
	"empresa":"DC COMICS",
	"idioma":"inglés",
	"cultura":"americana",
	"sinopsis":"Las primeras historias que aparecen en el cómic Batman fueron escritas por Bill Finger y Bob Kane, aunque años después no se acreditó a Finger cómo el co-creador de Batman. Las primeras historias presentan a un Batman vengativo, que no dudara en asesinar cuándo alguien se interponga en su camino. En las primeras publicaciones se presentaba a Batman con una pistola, que usaba para asesinar a pandilleros. Más tarde se presenta a su primer enemigo un psicópata que se hace llamar El Joker que usa una sustancia tóxica para mutilar a sus víctimas y al mismo tiempo dejarles una grotesca sonrisa, actualmente sigue siendo el enemigo de Batman. El creador del Joker Jerry Robinson pidió que el personaje no se saliera con la suya, durante muchos años el Joker ha sido un asesino a sangre fría. Más tarde, durante la Edad de Plata de Batman, este supervillano fue cambiado a un maniaco multihomicida. Por lo general, los principales desafíos a los que se enfrenta Batman en esta época se derivaron de villanos que eran demasiado malignos, sin embargo, por la década de 1970, las motivaciones de los personajes, incluyendo compulsión obsesiva, el abuso infantil y el fanatismo del medio ambiente, se empezó a estudiar más a a fondo. Batman también experimentó una transformación y se convirtió en un personaje mucho menos unidimensional, luchando con muchos conflictos internos. Aunque no es canónico, Frank Miller, introdujo The Dark Knight Returns que contenía una importante evolución del carácter del Batman en la serie del mismo nombre, se convirtió inflexible e implacable en su lucha por revitalizar Gotham. Batman a menudo tiene un comportamiento que la elite de Gotham ha etiquetado como excesivamente violento, así como tendencias antisociales."
	},
	
	{
	"imagen":"http://blogdesuperheroes.es/wp-content/plugins/BdSGallery/BdSGaleria/9470.jpg",
	"titulo":"BATMAN",
		"idcomic":"26",
	"fecha":"1988",
	"genero":"aventura",
	"personaje":"batman",
	"empresa":"DC COMICS",
	"idioma":"inglés",
	"cultura":"americana",
	"sinopsis":"Batman es una serie de cómics con el héroe homónimo de DC Comics. El personaje apareció por primera vez en Detective Comics #27, publicado en mayo de 1939. Batman resultó ser tan popular que una serie homónima empezó a relizárse y el cómic publicó su primer número en la primavera de 1940. Lo habían anunciado primero a principios de abril de 1940, un mes después de la primera apareció su nuevo compañero, Robin el Chico Maravilla. Aunque la historieta de Batman fue lanzada inicialmente como una publicación trimestral, más tarde se convirtió en una serie bi-mensual a través de la década de 1950, tras lo cual se convirtió en una publicación mensual y ha permanecido así desde entonces. La serie original terminó en 2011 y fue relanzada con un nuevo primer número en el mismo año."
	}, 
	
	{
	"imagen":"http://www.tunohastenidoinfancia.com/wp-content/uploads/2012/01/silencio.jpg",
	"titulo":"BATMAN",
		"idcomic":"27",
	"fecha":"1988",
	"genero":"aventura",
	"personaje":"batman",
	"empresa":"DC COMICS",
	"idioma":"inglés",
	"cultura":"americana",
	"sinopsis":"Las primeras historias que aparecen en el cómic Batman fueron escritas por Bill Finger y Bob Kane, aunque años después no se acreditó a Finger cómo el co-creador de Batman. Las primeras historias presentan a un Batman vengativo, que no dudara en asesinar cuándo alguien se interponga en su camino. En las primeras publicaciones se presentaba a Batman con una pistola, que usaba para asesinar a pandilleros. Más tarde se presenta a su primer enemigo un psicópata que se hace llamar El Joker que usa una sustancia tóxica para mutilar a sus víctimas y al mismo tiempo dejarles una grotesca sonrisa, actualmente sigue siendo el enemigo de Batman. El creador del Joker Jerry Robinson pidió que el personaje no se saliera con la suya, durante muchos años el Joker ha sido un asesino a sangre fría. Más tarde, durante la Edad de Plata de Batman, este supervillano fue cambiado a un maniaco multihomicida. Por lo general, los principales desafíos a los que se enfrenta Batman en esta época se derivaron de villanos que eran demasiado malignos, sin embargo, por la década de 1970, las motivaciones de los personajes, incluyendo compulsión obsesiva, el abuso infantil y el fanatismo del medio ambiente, se empezó a estudiar más a a fondo. Batman también experimentó una transformación y se convirtió en un personaje mucho menos unidimensional, luchando con muchos conflictos internos. Aunque no es canónico, Frank Miller, introdujo The Dark Knight Returns que contenía una importante evolución del carácter del Batman en la serie del mismo nombre, se convirtió inflexible e implacable en su lucha por revitalizar Gotham. Batman a menudo tiene un comportamiento que la elite de Gotham ha etiquetado como excesivamente violento, así como tendencias antisociales."
	}, 
	
	{
	"imagen":"http://4.bp.blogspot.com/_U1sNSxy9T0E/TBWuVRqzQRI/AAAAAAAAGIE/Z7FWWYmKGuU/s1600/Batman700-001.jpg",
	"titulo":"BATMAN",
		"idcomic":"28",
	"fecha":"1988",
	"genero":"aventura",
	"personaje":"batman",
	"empresa":"DC COMICS",
	"idioma":"inglés",
	"cultura":"americana",
	"sinopsis":"manga japones y con un total de 20 comics"
	}, 
	
	{
	"imagen":"http://www.cinepremiere.com.mx/assets/images/noticias/2014/06-junio/DETECTIVE-COMICS-27.jpg",
	"titulo":"BATMAN",
		"idcomic":"29",
	"fecha":"1988",
	"genero":"aventura",
	"personaje":"batman",
	"empresa":"DC COMICS",
	"idioma":"inglés",
	"cultura":"americana",
	"sinopsis":"Las primeras historias que aparecen en el cómic Batman fueron escritas por Bill Finger y Bob Kane, aunque años después no se acreditó a Finger cómo el co-creador de Batman. Las primeras historias presentan a un Batman vengativo, que no dudara en asesinar cuándo alguien se interponga en su camino. En las primeras publicaciones se presentaba a Batman con una pistola, que usaba para asesinar a pandilleros. Más tarde se presenta a su primer enemigo un psicópata que se hace llamar El Joker que usa una sustancia tóxica para mutilar a sus víctimas y al mismo tiempo dejarles una grotesca sonrisa, actualmente sigue siendo el enemigo de Batman. El creador del Joker Jerry Robinson pidió que el personaje no se saliera con la suya, durante muchos años el Joker ha sido un asesino a sangre fría. Más tarde, durante la Edad de Plata de Batman, este supervillano fue cambiado a un maniaco multihomicida. Por lo general, los principales desafíos a los que se enfrenta Batman en esta época se derivaron de villanos que eran demasiado malignos, sin embargo, por la década de 1970, las motivaciones de los personajes, incluyendo compulsión obsesiva, el abuso infantil y el fanatismo del medio ambiente, se empezó a estudiar más a a fondo. Batman también experimentó una transformación y se convirtió en un personaje mucho menos unidimensional, luchando con muchos conflictos internos. Aunque no es canónico, Frank Miller, introdujo The Dark Knight Returns que contenía una importante evolución del carácter del Batman en la serie del mismo nombre, se convirtió inflexible e implacable en su lucha por revitalizar Gotham. Batman a menudo tiene un comportamiento que la elite de Gotham ha etiquetado como excesivamente violento, así como tendencias antisociales."
	}, 
	
	{
	"imagen":"https://hablandodecomics.files.wordpress.com/2012/02/portada-90-batman-648.jpg",
	"titulo":"BATMAN",
		"idcomic":"30",
	"fecha":"1988",
	"genero":"aventura",
	"personaje":"batman",
	"empresa":"DC COMICS",
	"idioma":"inglés",
	"cultura":"americana",
	"sinopsis":"Las primeras historias que aparecen en el cómic Batman fueron escritas por Bill Finger y Bob Kane, aunque años después no se acreditó a Finger cómo el co-creador de Batman. Las primeras historias presentan a un Batman vengativo, que no dudara en asesinar cuándo alguien se interponga en su camino. En las primeras publicaciones se presentaba a Batman con una pistola, que usaba para asesinar a pandilleros. Más tarde se presenta a su primer enemigo un psicópata que se hace llamar El Joker que usa una sustancia tóxica para mutilar a sus víctimas y al mismo tiempo dejarles una grotesca sonrisa, actualmente sigue siendo el enemigo de Batman. El creador del Joker Jerry Robinson pidió que el personaje no se saliera con la suya, durante muchos años el Joker ha sido un asesino a sangre fría. Más tarde, durante la Edad de Plata de Batman, este supervillano fue cambiado a un maniaco multihomicida. Por lo general, los principales desafíos a los que se enfrenta Batman en esta época se derivaron de villanos que eran demasiado malignos, sin embargo, por la década de 1970, las motivaciones de los personajes, incluyendo compulsión obsesiva, el abuso infantil y el fanatismo del medio ambiente, se empezó a estudiar más a a fondo. Batman también experimentó una transformación y se convirtió en un personaje mucho menos unidimensional, luchando con muchos conflictos internos. Aunque no es canónico, Frank Miller, introdujo The Dark Knight Returns que contenía una importante evolución del carácter del Batman en la serie del mismo nombre, se convirtió inflexible e implacable en su lucha por revitalizar Gotham. Batman a menudo tiene un comportamiento que la elite de Gotham ha etiquetado como excesivamente violento, así como tendencias antisociales."
	}, 
	
	{
	"imagen":"https://teenagethunder.files.wordpress.com/2013/09/batman-66-main-3-cover-final3-6a968.jpg",
	"titulo":"BATMAN",
		"idcomic":"31",
	"fecha":"1988",
	"genero":"aventura",
	"personaje":"batman",
	"empresa":"DC COMICS",
	"idioma":"inglés",
	"cultura":"americana",
	"sinopsis":"Las primeras historias que aparecen en el cómic Batman fueron escritas por Bill Finger y Bob Kane, aunque años después no se acreditó a Finger cómo el co-creador de Batman. Las primeras historias presentan a un Batman vengativo, que no dudara en asesinar cuándo alguien se interponga en su camino. En las primeras publicaciones se presentaba a Batman con una pistola, que usaba para asesinar a pandilleros. Más tarde se presenta a su primer enemigo un psicópata que se hace llamar El Joker que usa una sustancia tóxica para mutilar a sus víctimas y al mismo tiempo dejarles una grotesca sonrisa, actualmente sigue siendo el enemigo de Batman. El creador del Joker Jerry Robinson pidió que el personaje no se saliera con la suya, durante muchos años el Joker ha sido un asesino a sangre fría. Más tarde, durante la Edad de Plata de Batman, este supervillano fue cambiado a un maniaco multihomicida. Por lo general, los principales desafíos a los que se enfrenta Batman en esta época se derivaron de villanos que eran demasiado malignos, sin embargo, por la década de 1970, las motivaciones de los personajes, incluyendo compulsión obsesiva, el abuso infantil y el fanatismo del medio ambiente, se empezó a estudiar más a a fondo. Batman también experimentó una transformación y se convirtió en un personaje mucho menos unidimensional, luchando con muchos conflictos internos. Aunque no es canónico, Frank Miller, introdujo The Dark Knight Returns que contenía una importante evolución del carácter del Batman en la serie del mismo nombre, se convirtió inflexible e implacable en su lucha por revitalizar Gotham. Batman a menudo tiene un comportamiento que la elite de Gotham ha etiquetado como excesivamente violento, así como tendencias antisociales."
	}, 
	
	{
	"imagen":"http://st-listas.20minutos.es/images/2014-04/380372/4410965_640px.jpg?1398328011",
	"titulo":"BATMAN",
		"idcomic":"32",
	"fecha":"1988",
	"genero":"aventura",
	"personaje":"batman",
	"empresa":"DC COMICS",
	"idioma":"inglés",
	"cultura":"americana",
	"sinopsis":"Las primeras historias que aparecen en el cómic Batman fueron escritas por Bill Finger y Bob Kane, aunque años después no se acreditó a Finger cómo el co-creador de Batman. Las primeras historias presentan a un Batman vengativo, que no dudara en asesinar cuándo alguien se interponga en su camino. En las primeras publicaciones se presentaba a Batman con una pistola, que usaba para asesinar a pandilleros. Más tarde se presenta a su primer enemigo un psicópata que se hace llamar El Joker que usa una sustancia tóxica para mutilar a sus víctimas y al mismo tiempo dejarles una grotesca sonrisa, actualmente sigue siendo el enemigo de Batman. El creador del Joker Jerry Robinson pidió que el personaje no se saliera con la suya, durante muchos años el Joker ha sido un asesino a sangre fría. Más tarde, durante la Edad de Plata de Batman, este supervillano fue cambiado a un maniaco multihomicida. Por lo general, los principales desafíos a los que se enfrenta Batman en esta época se derivaron de villanos que eran demasiado malignos, sin embargo, por la década de 1970, las motivaciones de los personajes, incluyendo compulsión obsesiva, el abuso infantil y el fanatismo del medio ambiente, se empezó a estudiar más a a fondo. Batman también experimentó una transformación y se convirtió en un personaje mucho menos unidimensional, luchando con muchos conflictos internos. Aunque no es canónico, Frank Miller, introdujo The Dark Knight Returns que contenía una importante evolución del carácter del Batman en la serie del mismo nombre, se convirtió inflexible e implacable en su lucha por revitalizar Gotham. Batman a menudo tiene un comportamiento que la elite de Gotham ha etiquetado como excesivamente violento, así como tendencias antisociales."
	}, 
	
	{
	"imagen":"http://static.batanga.com/sites/default/files/styles/large/public/comics.batanga.com/files/Las-25-mejores-portadas-de-Batman-13.jpg?itok=zrbphFBA",
	"titulo":"BATMAN",
		"idcomic":"33",
	"fecha":"1988",
	"genero":"aventura",
	"personaje":"batman",
	"empresa":"DC COMICS",
	"idioma":"inglés",
	"cultura":"americana",
	"sinopsis":"Las primeras historias que aparecen en el cómic Batman fueron escritas por Bill Finger y Bob Kane, aunque años después no se acreditó a Finger cómo el co-creador de Batman. Las primeras historias presentan a un Batman vengativo, que no dudara en asesinar cuándo alguien se interponga en su camino. En las primeras publicaciones se presentaba a Batman con una pistola, que usaba para asesinar a pandilleros. Más tarde se presenta a su primer enemigo un psicópata que se hace llamar El Joker que usa una sustancia tóxica para mutilar a sus víctimas y al mismo tiempo dejarles una grotesca sonrisa, actualmente sigue siendo el enemigo de Batman. El creador del Joker Jerry Robinson pidió que el personaje no se saliera con la suya, durante muchos años el Joker ha sido un asesino a sangre fría. Más tarde, durante la Edad de Plata de Batman, este supervillano fue cambiado a un maniaco multihomicida. Por lo general, los principales desafíos a los que se enfrenta Batman en esta época se derivaron de villanos que eran demasiado malignos, sin embargo, por la década de 1970, las motivaciones de los personajes, incluyendo compulsión obsesiva, el abuso infantil y el fanatismo del medio ambiente, se empezó a estudiar más a a fondo. Batman también experimentó una transformación y se convirtió en un personaje mucho menos unidimensional, luchando con muchos conflictos internos. Aunque no es canónico, Frank Miller, introdujo The Dark Knight Returns que contenía una importante evolución del carácter del Batman en la serie del mismo nombre, se convirtió inflexible e implacable en su lucha por revitalizar Gotham. Batman a menudo tiene un comportamiento que la elite de Gotham ha etiquetado como excesivamente violento, así como tendencias antisociales."
	}, 

	{
	"imagen":"http://1.bp.blogspot.com/_U1sNSxy9T0E/TDpC6gL21RI/AAAAAAAAGQs/2c4f-FP-vjs/s1600/001.jpg",
	"titulo":"BATMAN",
		"idcomic":"34",
	"fecha":"1988",
	"genero":"aventura",
	"personaje":"batman",
	"empresa":"DC COMICS",
	"idioma":"inglés",
	"cultura":"americana",
	"sinopsis":"Las primeras historias que aparecen en el cómic Batman fueron escritas por Bill Finger y Bob Kane, aunque años después no se acreditó a Finger cómo el co-creador de Batman. Las primeras historias presentan a un Batman vengativo, que no dudara en asesinar cuándo alguien se interponga en su camino. En las primeras publicaciones se presentaba a Batman con una pistola, que usaba para asesinar a pandilleros. Más tarde se presenta a su primer enemigo un psicópata que se hace llamar El Joker que usa una sustancia tóxica para mutilar a sus víctimas y al mismo tiempo dejarles una grotesca sonrisa, actualmente sigue siendo el enemigo de Batman. El creador del Joker Jerry Robinson pidió que el personaje no se saliera con la suya, durante muchos años el Joker ha sido un asesino a sangre fría. Más tarde, durante la Edad de Plata de Batman, este supervillano fue cambiado a un maniaco multihomicida. Por lo general, los principales desafíos a los que se enfrenta Batman en esta época se derivaron de villanos que eran demasiado malignos, sin embargo, por la década de 1970, las motivaciones de los personajes, incluyendo compulsión obsesiva, el abuso infantil y el fanatismo del medio ambiente, se empezó a estudiar más a a fondo. Batman también experimentó una transformación y se convirtió en un personaje mucho menos unidimensional, luchando con muchos conflictos internos. Aunque no es canónico, Frank Miller, introdujo The Dark Knight Returns que contenía una importante evolución del carácter del Batman en la serie del mismo nombre, se convirtió inflexible e implacable en su lucha por revitalizar Gotham. Batman a menudo tiene un comportamiento que la elite de Gotham ha etiquetado como excesivamente violento, así como tendencias antisociales."
	},

	{
	"imagen":"http://1.bp.blogspot.com/_U1sNSxy9T0E/TDpC6gL21RI/AAAAAAAAGQs/2c4f-FP-vjs/s1600/001.jpg",
	"titulo":"BATMAN",
		"idcomic":"35",
	"fecha":"1988",
	"genero":"aventura",
	"personaje":"batman",
	"empresa":"DC COMICS",
	"idioma":"inglés",
	"cultura":"americana",
	"sinopsis":"Por lo general, los principales desafíos a los que se enfrenta Batman en esta época se derivaron de villanos que eran demasiado malignos, sin embargo, por la década de 1970, las motivaciones de los personajes, incluyendo compulsión obsesiva, el abuso infantil y el fanatismo del medio ambiente, se empezó a estudiar más a a fondo. Batman también experimentó una transformación y se convirtió en un personaje mucho menos unidimensional, luchando con muchos conflictos internos. Aunque no es canónico, Frank Miller"
	},

	{
	"imagen":"http://1.bp.blogspot.com/_U1sNSxy9T0E/TDpC6gL21RI/AAAAAAAAGQs/2c4f-FP-vjs/s1600/001.jpg",
	"titulo":"BATMAN",
		"idcomic":"36",
	"fecha":"1988",
	"genero":"aventura",
	"personaje":"batman",
	"empresa":"DC COMICS",
	"idioma":"inglés",
	"cultura":"americana",
	"sinopsis":"Las primeras historias que aparecen en el cómic Batman fueron escritas por Bill Finger y Bob Kane, aunque años después no se acreditó a Finger cómo el co-creador de Batman. Las primeras historias presentan a un Batman vengativo, que no dudara en asesinar cuándo alguien se interponga en su camino. En las primeras publicaciones se presentaba a Batman con una pistola, que usaba para asesinar a pandilleros. Más tarde se presenta a su primer enemigo un psicópata que se hace llamar El Joker que usa una sustancia tóxica para mutilar a sus víctimas y al mismo tiempo dejarles una grotesca sonrisa, actualmente sigue siendo el enemigo de Batman. El creador del Joker Jerry Robinson pidió que el personaje no se saliera con la suya, durante muchos años el Joker ha sido un asesino a sangre fría. Más tarde, durante la Edad de Plata de Batman, este supervillano fue cambiado a un maniaco multihomicida. Por lo general, los principales desafíos a los que se enfrenta Batman en esta época se derivaron de villanos que eran demasiado malignos, sin embargo, por la década de 1970, las motivaciones de los personajes, incluyendo compulsión obsesiva, el abuso infantil y el fanatismo del medio ambiente, se empezó a estudiar más a a fondo. Batman también experimentó una transformación y se convirtió en un personaje mucho menos unidimensional, luchando con muchos conflictos internos. Aunque no es canónico, Frank Miller, introdujo The Dark Knight Returns que contenía una importante evolución del carácter del Batman en la serie del mismo nombre, se convirtió inflexible e implacable en su lucha por revitalizar Gotham. Batman a menudo tiene un comportamiento que la elite de Gotham ha etiquetado como excesivamente violento, así como tendencias antisociales."
	},

	
	{
	"imagen":"http://images.comiccollectorlive.com/covers/92d/92d2f93b-3946-468f-8f7e-ababf69a768a.jpg",
	"titulo":"FLASH",
		"idcomic":"70",
	"fecha":"1952",
	"genero":"Ciencia Ficciòn",
	"personaje":"FLASH",
	"empresa":"DC COMICS",
	"idioma":"inglés",
	"cultura":"americana",
	"sinopsis":"es un superhéroe ficticio que aparece en cómics estadounidenses publicados por DC Comics. Creado por el escritor Gardner Fox y el artista Harry Lampert, el Flash original apareció por primera vez en Flash Comics #1 (enero de 1940). Todas las encarnaciones de Flash poseen súper velocidad, que incluye la habilidad de correr y moverse extremadamente rápido, gran fuerza, usar reflejos sobrehumanos, y aparentemente violar ciertas leyes de la física. Hasta el momento, cuatro personajes diferentes—cada uno de los cuales de alguna manera adquirieron el poder de la súper velocidad—han asumido la identidad de Flash: Jay Garrick (1940–presente), Barry Allen (1956–1985, 2008–presente), Wally West (1986–2006, 2007–2012, 2013–presente), y Bart Allen (2006-2007). Antes de la ascensión de Wally y Bart al manto de Flash, fueron Kid Flash (Bart también era conocido como Impulso)."
	},
	
	{
	"imagen":"http://media.comicbook.com/uploads1/2015/01/flash-197-cover-118502.jpg",
	"titulo":"FLASH",
		"idcomic":"71",
	"fecha":"1952",
	"genero":"Ciencia Ficcion",
	"personaje":"FLASH",
	"empresa":"DC COMICS",
	"idioma":"inglés",
	"cultura":"americana",
	"sinopsis":"La segunda encarnación de Flash, Barry Allen, es parte de la Edad de Plata de los Cómics. Cada versión de Flash ha sido un miembro clave de al menos uno de los principales equipos de DC: la Sociedad de la Justicia de América, la Liga de la Justicia, y los Jóvenes Titanes. La tercera encarnación del personaje, Wally West, es el Flash de la edad moderna tras la muerte de Barry Allen. Fue el único que supo dominar la fuerza de la velocidad. Hasta el 2011, sus poderes superaban a los de sus predecesores.1 2"
	}, 
	
	{
	"imagen":"https://s-media-cache-ak0.pinimg.com/564x/c1/65/c1/c165c12472a6242b260a039a13184801.jpg",
	"titulo":"FLASH",
		"idcomic":"72",
	"fecha":"1952",
	"genero":"Ciencia Ficcion",
	"personaje":"FLASH",
	"empresa":"DC COMICS",
	"idioma":"inglés",
	"cultura":"americana",
	"sinopsis":"La versión de Barry Allen del personaje (con elementos de Wally West) apareció en una serie de televisión de acción en vivo, titulada simplemente The Flash, en 1990, protagonizada por John Wesley Shipp. La versión de Wally West de Flash (pero con elementos de la historia de Barry Allen) aparece en la serie animada Justice League Las cuatro encarnaciones del personaje han aparecido en la serie animada Young Justice, con la versión de Wally West de Kid Flash como uno de los personajes principales."
	}, 
	
	{
	"imagen":"https://s-media-cache-ak0.pinimg.com/564x/e3/45/47/e345470d0978882058345df7015e10c1.jpg",
	"titulo":"FLASH",
		"idcomic":"73",
	"fecha":"1952",
	"genero":"Ciencia Ficcion",
	"personaje":"FLASH",
	"empresa":"DC COMICS",
	"idioma":"inglés",
	"cultura":"americana",
	"sinopsis":"El primer Flash apareció en Flash Comics n°1 (1940).3 Su nombre era Jay Garrick, un estudiante que obtuvo sus superpoderes tras inhalar gases en la universidad, y se distinguía por usar un casco de metal. Fue el primer superhéroe en tener rapidez sobrehumana, además de ser el primero en tener un superpoder singular, a diferencia de Superman que tenía varios.4 5 6 Garrick fue muy popular en los años 40, teniendo dos historietas donde era protagonista, y además fue parte durante largo tiempo de la Sociedad de la Justicia de América.7 Las aventuras de Garrick en la Era Dorada de los cómics llegó a su fin. años antes, DC Comic decidió reintroducir a algunos supermodelos de la Era plateada, pero cambiándolos y dándoles una nueva apariencia. Flash volvió en 1956 con Showcase n°4.8 Después de otras apariciones en Showcase, Allen obtuvo su propio cómic; siguiendo con el título anterior su primera aparición fue en The Batman n° 105. Con la Edad de Dorada y el renacimiento de antiguos superhéroes, se creó otro grupo llamado Liga de la Justicia de América, en la cual Flash era miembro."
	}, 
	
	{
	"imagen":"http://vignette4.wikia.nocookie.net/marvel_dc/images/c/c6/Flash_Comics_6.jpg/revision/latest?cb=20090101131240",
	"titulo":"FLASH",
		"idcomic":"74",
	"fecha":"1952",
	"genero":"Ciencia Ficcion",
	"personaje":"FLASH",
	"empresa":"DC COMICS",
	"idioma":"inglés",
	"cultura":"americana",
	"sinopsis":"Más tarde se descubriría que Garrick y Allen se encontraban en mundos paralelos, y que por medio de sus poderes podían ir de un mundo al otro (véase El Flash de dos mundos), e incluso viajar por el tiempo. De este modo, ambos se convirtieron en buenos amigos hasta los años 80.9 Las aventuras de Allen terminaron en Crisis on Infinite Earths (Crisis en las Tierras Infinitas) n° 8 (1986), ya que la historia se había vuelto muy confusa y se tomó la decisión de pasar la identidad a otro personaje. Sin embargo, con su habilidad de viajar por el tiempo Allen es visto una que otra vez en las páginas de los cómics que produjeron en el futuro.10 El tercer Flash fue Wally West. Su primera aparición fue en The Flash n° 110 (1959) como Kid Flash.11 West era el sobrino de Allen, y ganó sus poderes de la misma forma que él. Fue parte de los Teen Titans durante años.12 Después de la muerte de Allen, West adoptó la identidad de Flash en Crisis on Infinite Earths n° 12 y tuvo su propia historieta: The Flash (volumen 2) (1987-act.). Desde entonces, los Flash han sido personas claves en las numerosas crisis que atraviesan la historia de DC Comics(Crisis on Infinite Earths, Crisis Infinita, Crisis Final).13"
	}, 
	
	{
	"imagen":"http://static1.squarespace.com/static/539dffebe4b080549e5a5df5/53acb6d5e4b09819e540d7d0/540653cde4b0f42903485353/1459791632322/?format=1000w",
	"titulo":"FLASH",
		"idcomic":"75",
	"fecha":"1952",
	"genero":"Ciencia Ficcion",
	"personaje":"FLASH",
	"empresa":"DC COMICS",
	"idioma":"inglés",
	"cultura":"americana",
	"sinopsis":"Jay Garrick era un estudiante en el año 1940 (por lo que su nacimiento es ubicado en 1922) quien inhaló una sustancia química, y como resultado de ello recibió súper velocidad y reflejos sobrehumanos. Después de una gran carrera como estrella de fútbol americano, se convirtió en Flash usando una camiseta roja con el dibujo de un rayo y un casco de metal con alas (diseño basado en Mercurio), tras lo cual comenzó a luchar contra el crimen. Jay no necesitaba máscara ya que su cuerpo vibraba a gran velocidad; debido a esto, al tomarle una fotografía, ésta salía borrosa y su rostro no podía distinguirse. Flash fue muy popular durante la Edad de Oro de los superhéroes. Fue uno de los fundadores de la Sociedad de la Justicia y un gran luchador contra el crimen en los años 40."
	}, 
	
	{
	"imagen":"http://vignette4.wikia.nocookie.net/marvel_dc/images/b/b7/Flash_Comics_54.jpg/revision/latest?cb=20090101134940",
	"titulo":"FLASH",
		"idcomic":"76",
	"fecha":"1952",
	"genero":"Ciencia Ficcion",
	"personaje":"FLASH",
	"empresa":"DC COMICS",
	"idioma":"inglés",
	"cultura":"americana",
	"sinopsis":"Jay se retiró provocando que la SJA se disolviera, pero en 1961 Jay salió de su retiro y conoció al Flash del mundo paralelo, es decir, a Barry Allen. Jay siguió luchando contra el crimen, y aunque cronológicamente debería representar 80 años, tiene sólo 50 debido a algunos experimentos; de esta manera se ha mantenido vigente y ha continuado con la tarea abandonada por otros superhéroes. Luego de la muerte de Barry Allen y de la desaparición de Wally West en Crisis Infinita, Jay se convirtió nuevamente en el hombre más rápido, al ser el único Flash vivo y el único ser dependiente de la Speedforce. Cuando Bart regresó, absorbió involuntariamente la Fuerza de la Velocidad, convirtiéndose en el hombre más rápido. Jay se convirtió en una especie de guía para Bart y en un protector de la familia de Wally y de Iris West, la esposa de Barry. Jay logró entender que a partir de que Bart corrompió la Speedforce(entró y salió) el último velocista que aparezca tendrá el poder de controlar la Speedforce. Luego de la muerte de Bart se produce un efecto de ingeniería inversa que trae a la vida a Barry Allen, a Wally West, a Max Mercury y a Johnny Quick. Jay se ha convertido en uno de los más grandes héroes por el hecho de seguir vigente a pesar de su avanzada edad y de convertirse en un miembro importante dentro de la Liga. Luego del regreso de Barry Allen y de Wally West, Jay junto con Barry se convierten en los Flash principales, mientras Wally se dedica a combatir el crimen en menor medida."
	}, 
	
	{
	"imagen":"https://d1466nnw0ex81e.cloudfront.net/n_iv/600/789847.jpg",
	"titulo":"FLASH",
		"idcomic":"77",
	"fecha":"1952",
	"genero":"Ciencia Ficcion",
	"personaje":"FLASH",
	"empresa":"DC COMICS",
	"idioma":"inglés",
	"cultura":"americana",
	"sinopsis":"Evento que sorprendió a todo el universo DC, cuando Barry Allen por tratar de salvarle la vida o mejor, tratar de devolverle la vida a su madre, recién asesinada por el Profesor Zoom Eobard Thawne provoca una alteración en la línea de la historia provocando unos sucesos que terminarían en un Flash con su vida y la de sus seres queridos, luego de estar sin poderes por un día y recuperarlos con la recreación del accidente (debido a al alteración de la historia), y al pensar que había sido Eobard Thawne quien había alterado la historia al matar a su madre, provocó un fenómeno cataclísmico denominado Flashpoint, en el cual el mundo había sido alterado y las historias de todo el universo DC habían sido cambiadas por solo haber incurrido en la alteración de la historia, por lo cual decide que la única forma de reparar su propio error es correr a la velocidad más rápida que haya alcanzado posible, y con los poderes transferidos y/o fusionados de todos los velocistas conocidos del Universo DC y que en su mayoría estaban ligados a la Speed Force, le dieron suficientes fuerzas para impedirse así mismo que evitara salvar a su propia madre de las manos del Profesor Zoom, y después de charlas momentáneamente con su madre que le dejara ir, se le apareció un misterioso ser, el cual le indicaba que para restaurar la realidad debía escoger sabiamente la línea temporal a cual seguir, entre las que le mostraba lo que sería el Reinicio del Universo DC y otras realidades temporales alternas como gente que el desconocía procedente del Universo Wildstorm así como su propia línea temporal original, pero el cual si tomaba ella recurriría a serias paradojas que muy probablemente podrían destruir por completo la realidad, al final, recolectó con su fuerza de velocidad y restauró el Universo DC inmersándolo en una nueva realidad, lo cual borraría muchos personajes conocidos de la Edad de Oro, así como estableciendo una fusión de elementos tomados de algunos universos paralelos para restaurar la continuidad del tiempo y espacio, recreando el Universo DC desde un nuevo comienzo, y hasta el momento el universo DC había cambiado para siempre."
	}, 
	
	{
	"imagen":"http://vignette1.wikia.nocookie.net/marvel_dc/images/d/db/Flash_Comics_78.jpg/revision/latest?cb=20090101135456",
	"titulo":"FLASH",
		"idcomic":"78",
	"fecha":"1952",
	"genero":"Ciencia Ficcion",
	"personaje":"FLASH",
	"empresa":"DC COMICS",
	"idioma":"inglés",
	"cultura":"americana",
	"sinopsis":"Todos los Flash poseen ciertas habilidades comunes, como moverse, pensar y reaccionar a velocidades sobrehumanas. Además todos ellos poseen la capacidad de vibrar tan rápidamente que pueden atravesar materia sólida, por ejemplo, muros. También se aceleran sus procesos biológicos, por lo que tiene la capacidad de sanar rápidamente de cualquier herida y fractura. Un efecto secundario es tener un metabolismo acelerado generado por los poderes de súpervelocidad, por lo que frecuentemente requieren consumir enormes cantidades de comida para mantener su energía Barry Allen posee absoluto control sobre sus moléculas: Al ser transformado una vez en espejo, Allen fue capaz de derretirse y reconstituirse en su forma humana. Aunque todos los Flash reciben sus poderes de la Fuerza de la Velocidad, Wally West posee una conexión directa a ella, y por esto no se le puede restringir su uso de la misma. West es capaz de utilizar la Fuerza de la Velocidad para crearse un traje, e incluso otorgar o quitar velocidad a otras personas u objetos en movimiento (Jay Garrick ha mostrado tener cierto grado de manejo de esta habilidad). También provocaba que aquellos objetos a través de los que vibraba explotaran, aunque recientemente ha podido evitar este efecto secundario. West puede además, aunque no con la misma precisión que Barry Allen cuando utilizaba su caminadora cósmica, viajar a través del tiempo y de las dimensiones por medio de su propio poder, de forma similar a Allen en Showcase número 4 (1956). Sin embargo, West actualmente acelera al punto de bordear la dimensión de la Fuerza de la Velocidad, y además puede viajar por el tiempo a puntos específicos al volverse éstos visibles (aunque necesita identificar la vibración característica de algún velocista en ese período, o estar familiarizado con la vibración del mismo). Es por lo demás el único velocista capaz de sobrevivir tras haber corrido a la velocidad de la luz; todos los demás han muerto o han sido absorbidos por la Fuerza de la Velocidad. Luego de la muerte de West y el regreso de Bart, éste último absorbe involuntariamente la Speedforce pudiendo ir a velocidades superiores a la de otros velocistas e inclusive administrar la fuerza, trayendo de nuevo a los atrapados en la Speedforce; pero Bart fue asesinado por los Villanos y entonces su poder queda posiblemente en manos de Wally, quien regresó a la vida. El único consciente de que Bart tenía esta habilidad era Jay Garrick, pero no le quiso decir nada dado que al viajar a grandes velocidades podría complicar la existencia de los atrapados."
	},

	
	
	{
	"imagen":"http://www.zonanegativa.com/imagenes/2015/06/superman233.jpg",
	"titulo":"Superman",
		"idcomic":"134",
	"fecha":"1953",
	"genero":"aventura",
	"personaje":"SUPERMAN",
	"empresa":"DC COMICS",
	"idioma":"inglés",
	"cultura":"americana",
	"sinopsis":"Superman (cuyo nombre kryptoniano es Kal-El y su nombre terrestre es Clark Kent) es un personaje ficticio, un superhéroe de los cómics que aparece en las publicaciones de DC Comics.1 2 3 4 Creado por el escritor estadounidense Jerry Siegel y el artista canadiense Joe Shuster en 1933, cuando ambos se encontraban viviendo en Cleveland, Ohio; lo vendieron a Detective Comics, Inc. en 1938 por USD  1305 y la primera aventura del personaje fue publicada en Action Comics 1 (junio de 1938) para luego aparecer en varios seriales de radio, programas de televisión, películas, tiras periódicas y videojuegos. Con el éxito de sus aventuras, Superman ayudó a crear el género del superhéroe y estableció su primacía dentro del cómic estadounidense.1 La apariencia del personaje es distintiva e icónica: un traje azul y rojo, con una capa y un escudo de “S” estilizado en su pecho,6 7 8 escudo que se ha convertido en un símbolo del personaje en todo tipo de medios de comunicación.9"
	},
	
	{
	"imagen":"http://images3.wikia.nocookie.net/__cb20120825201350/marvel_dc/images/2/2d/Superman_v.2_154.jpg",
	"titulo":"Superman",
		"idcomic":"135",
	"fecha":"1953",
	"genero":"aventura",
	"personaje":"SUPERMAN",
	"empresa":"DC COMICS",
	"idioma":"inglés",
	"cultura":"americana",
	"sinopsis":"La historia original de Superman relata que nació con el nombre de Kal-El en el planeta Krypton; su padre, el científico Jor-El, y su madre Lara Lor-Van, lo enviaron en una nave espacial con destino a la Tierra cuando era un niño, momentos antes de la destrucción de su planeta. Fue descubierto y adoptado por Jonathan Kent y Martha Kent, una pareja de granjeros de Smallville, Kansas, que lo criaron con el nombre de Clark Kent y le inculcaron un estricto código moral. El joven Kent comenzó a mostrar habilidades superhumanas, las mismas que al llegar a su madurez decidiría usar para el beneficio de la humanidad."
	}, 
	
	{
	"imagen":"http://www.zonanegativa.com/imagenes/2016/04/SM_Cv1.jpg",
	"titulo":"Superman",
		"idcomic":"136",
	"fecha":"1953",
	"genero":"aventura",
	"personaje":"SUPERMAN",
	"empresa":"DC COMICS",
	"idioma":"inglés",
	"cultura":"americana",
	"sinopsis":"«el gran Boy Scout azul» por otros superhéroes, Superman también es conocido como «El Hombre de Acero», «El Hombre del Mañana» y «El Último Hijo de Krypton» por el público general de los cómics. Bajo la identidad de Clark Kent, Superman vive en medio de los humanos como un «tímido reportero» del diario Daily Planet de Metrópolis. Ahí trabaja junto a la reportera Lois Lane, con la cual ha sido vinculado románticamente. DC Comics/Warner Bros. expandió lentamente el reparto de personajes secundarios, poderes y símbolos de Superman a través de los años. Se modificó su pasado para permitir sus aventuras como Superboy y se crearon otros supervivientes de Krypton, incluyendo a Supergirl y Krypto, el Superperro. Además, Superman fue licenciado y adaptado a una gran variedad de medios, desde la radio a la televisión y el cine. En este último se dio la que quizás sea su interpretación más notable: Christopher Reeve tanto en Superman: la película (1978) como en su secuela Superman II (1981)."
	}, 
	
	{
	"imagen":"http://spanishsuperman.marianobayona.com/xs81.jpg",
	"titulo":"Superman",
		"idcomic":"137",
	"fecha":"1953",
	"genero":"aventura",
	"personaje":"SUPERMAN",
	"empresa":"DC COMICS",
	"idioma":"inglés",
	"cultura":"americana",
	"sinopsis":"Las películas de Richard Donner que recibieron la aclamación unánime de la crítica y se volvieron las películas más exitosas de Warner Bros. en su momento. No obstante, las dos siguientes secuelas, Superman III y Superman IV: The Quest for Peace no tuvieron tanto éxito a nivel de recaudación. La película Superman Returns, que fue estrenada en 2006, fue poco exitosa dentro de los Estados Unidos pero en el resto del mundo sobrepasó las expectativas iniciales de sus creadores.10 Desde el debut de Superman han transcurrido siete décadas, durante las cuales el personaje ha sido recreado y renovado en múltiples ocasiones. Una modificación mayor y significativa ocurrió en 1986, cuando el autor John Byrne modernizó y realizó un masivo retcon al personaje, reduciendo los poderes de Superman y eliminando varios personajes del canon, en una estrategia que atrajo mucha atención de los medios. Volvió a aparecer en la prensa en la década de 1990, cuando DC Comics publicó La Muerte de Superman, una historia en la que el personaje falleció y luego revivió."
	}, 
	
	{
	"imagen":"http://static.batanga.com/sites/default/files/styles/large/public/comics.batanga.com/files/La-portada-del-dia-Superman-218.jpg?itok=6Ocv7cSF",
	"titulo":"Superman",
		"idcomic":"138",
	"fecha":"1953",
	"genero":"aventura",
	"personaje":"SUPERMAN",
	"empresa":"DC COMICS",
	"idioma":"inglés",
	"cultura":"americana",
	"sinopsis":"Superman ha resultado fascinante para los académicos y tanto tesistas culturales como comentaristas y críticos han explorado el impacto del personaje y su rol en los Estados Unidos y en el resto del mundo. Umberto Eco discutió las cualidades mitológicas del personaje a inicios de los años 1960 y Larry Niven escribió sobre las características de una hipotética relación sexual entre el personaje y Lois Lane.11 La propiedad del personaje ha sido frecuentemente un objeto de disputa; Siegel y Shuster entablaron demandas en dos ocasiones para recuperar su posesión legal. Los derechos del personaje se encuentran de nuevo en discusión, debido a que los cambios a la ley de derechos de reproducción les permitieron a la esposa y a la hija de Siegel alegar por una parte de los derechos, algo que la compañía dueña de DC, Warner Bros., disputa."
	}, 
	
	{
	"imagen":"http://blogdesuperheroes.es/wp-content/plugins/BdSGallery/BdSGaleria/9834.jpg",
	"titulo":"Superman",
		"idcomic":"139",
	"fecha":"1953",
	"genero":"aventura",
	"personaje":"SUPERMAN",
	"empresa":"DC COMICS",
	"idioma":"inglés",
	"cultura":"americana",
	"sinopsis":"Jerry Siegel y Joe Shuster usaron por primera vez el término Superman en un cuento llamado «The Reign of the Super-Man» («El reino del Super-Hombre»), incluido en el tercer número de Science Fiction, fanzine de ciencia ficción que Siegel publicó en 1933. En él aparecía como un villano calvo con poderes telepáticos, empeñado en dominar el mundo entero.12 Siegel reescribió el personaje en 1933, transformándolo en un héroe con escaso o nulo parecido con el villano inicial; el héroe fue modelado a partir del actor Douglas Fairbanks y su álter ego, Clark Kent, de Harold Lloyd.13 14 A partir de entonces, Jerry Siegel y Shuster buscaron durante seis años una editorial que publicara The Superman. Se lo ofrecieron a Consolidated Book Publishing, editorial que había publicado un comic book de 48 páginas en blanco y negro titulado Detective Dan: Secret Operative No. 48. Aunque les respondieron con una carta alentadora, Consolidated Book Publishing no volvió a publicar comic books. Shuster lo tomó a pecho y quemó todas las páginas de la historia, exceptuando la portada, que Siegel logró rescatar del fuego. Tanto Siegel como Shuster compararon a este personaje con Slam Bradley, un aventurero que crearon para el primer número de Detective Comics, en 1939.15"
	}, 
	
	{
	"imagen":"https://qkltna.dm1.livefilestore.com/y2p_1jTkBtefbFMWXP1qcCedm6QD4IqxUDcqFhYXeQA98AfAWuOCw47He2AEGZIlaNWSG6SRq90EHb5JGZ2tewxD-AcdPovSL9f8jbbDwhkzL0/00.jpg?psid=1",
	"titulo":"Superman",
		"idcomic":"140",
	"fecha":"1953",
	"genero":"aventura",
	"personaje":"SUPERMAN",
	"empresa":"DC COMICS",
	"idioma":"inglés",
	"cultura":"americana",
	"sinopsis":"Los creadores redefinieron el personaje, que se volvió más parecido a un héroe de la tradición mitológica, inspirado en personajes como Sansón y Hércules,18 quien enmendaría los males de los tiempos de Siegel y Shuster, luchando por la justicia social y contra la tiranía. El disfraz apareció en esta etapa y Siegel recordaba que crearon «algo como un disfraz, y vamos a darle una gran S en el pecho, y una capa, y a hacerlo lo más colorido y distintivo que podamos».6 El diseño se basó en parte en los trajes de personajes de ambientes espaciales que aparecían en las revistas de pulp y en historietas como Flash Gordon,19 como también en la tradicional indumentaria del forzudo de circo.6 Sin embargo, la capa es muy diferente a la prenda de la típica tradición victoriana. Gary Engle la describió en Superman at Fifty: The Persistence of a Legend como «sin precedente en la cultura popular».20 La malla y los calzones sobre ella, propios de los artistas circenses, se establecieron pronto como la base de la vestimenta de muchos de los futuros superhéroes. Esta tercera versión del personaje fue dotada con habilidades extraordinarias, aunque de naturaleza física, en contraposición de las habilidades mentales del Superman malvado.6"
	}, 
	
	{
	"imagen":"http://static.comicvine.com/uploads/original/6/66303/2016585-prev_img.jpeg",
	"titulo":"Superman",
		"idcomic":"141",
	"fecha":"1953",
	"genero":"aventura",
	"personaje":"SUPERMAN",
	"empresa":"DC COMICS",
	"idioma":"inglés",
	"cultura":"americana",
	"sinopsis":"Shuster declaró en 1983 que tanto los nombres de las localidades como la identidad civil de Superman se inspiraron en el cine. «Jerry creó todos los nombres. Éramos grandes fanáticos del cine y nos inspiramos mucho en los actores y actrices que veíamos. En cuanto a Clark Kent, combinó los nombres de Clark Gable y Kent Taylor. Y Metrópolis, la ciudad que era su base de operaciones, viene de la película de Fritz Lang [Metrópolis, 1927], que a ambos nos gustaba». Aunque entonces le vendían material a los editores de comic books —en particular a National Allied Publishing, editorial de Malcolm Wheeler-Nicholson—, decidieron publicar su personaje en un formato de tira cómica en vez del formato de historia más largo, propio de los comic book, que se estaban estableciendo en ese tiempo. Se lo ofrecieron a Max Gaines —quien lo rechazó— y a United Feature Syndicate, quienes expresaron interés inicialmente pero terminaron por rechazar la tira en una carta fechada el 18 de febrero de 1937. Sin embargo, en lo que el historiador Les Daniels describe como «un increíblemente complicado giro de eventos», Max Gaines terminó por establecer la tira como la principal atracción de la nueva publicación de Wheeler-Nicholson: Action Comics. Vin Sullivan, editor de la nueva publicación, les escribió a Siegel y Shuster solicitando que las tiras cómicas debían adaptarse al formato de comic book, específicamente a ocho viñetas por página. Sin embargo, Siegel y Shuster decidieron ignorar este último requerimiento, usando en vez de ese formato su propia experiencia e ideas para crear la distribución de las viñetas e incluso Siegel eligió la viñeta que sería usada en la cubierta de Action Comics 1, la primera aparición de Superman.22"
	}, 
	
	{
	"imagen":"https://hablandodecomics.files.wordpress.com/2012/08/superman-75.jpg",
	"titulo":"Superman",
		"idcomic":"142",
	"fecha":"1953",
	"genero":"aventura",
	"personaje":"SUPERMAN",
	"empresa":"DC COMICS",
	"idioma":"inglés",
	"cultura":"americana",
	"sinopsis":"Siegel pudo haberse inspirado para crear el personaje de Superman por la muerte de su padre. Mitchell Siegel fue un inmigrante que tenía una tienda de ropa en el barrio de Lower East Side, en Nueva York. Murió durante un intento de asalto en 1932, un año antes de la creación de Superman. Aunque Siegel nunca mencionó la muerte de su padre en entrevistas, tanto Gerard Jones como Brad Meltzer creen que debe haberlo afectado. «Tiene que haber tenido un efecto» dijo Jones. «Hay una conexión ahí: la pérdida de un padre como el origen de Superman». Meltzer planteó: «tu padre muere en un asalto y tú inventas un hombre a prueba de balas que se convierte en el mayor héroe del mundo. Lo siento, pero hay una historia ahí». Publicación La primera aparición del superhéroe fue en 1938, en Action Comics 1; al año siguiente se lanzó la revista Superman. El primer número de Superman contenía aventuras que ya habían sido publicadas en Action Comics, pero a pesar de esto, alcanzó un mayor número de ventas.24 Ese mismo año, fue publicada New York World's Fair Comics, que en el verano de 1942 se transformó en World's Finest Comics. En All Star Comics 7, Superman hizo la primera de sus infrecuentes apariciones en calidad de miembro honorario de la Sociedad de la Justicia de América.25"
	}, 

	{
	"imagen":"http://3.bp.blogspot.com/-_ly9V3pPyb8/U-20mUC-IUI/AAAAAAABVb0/fzj6EGDA75Y/s1600/john_romita_snr_superman_a_p.jpg",
	"titulo":"Superman",
		"idcomic":"143",
	"fecha":"1953",
	"genero":"aventura",
	"personaje":"SUPERMAN",
	"empresa":"DC COMICS",
	"idioma":"inglés",
	"cultura":"americana",
	"sinopsis":"Al principio, Jerry Siegel y Joe Shuster producían todas las historias e ilustraciones para las tiras que se publicaban. Sin embargo, la vista de Shuster se comenzó a deteriorar y, con el aumento de las apariciones del personaje, aumentó la carga de trabajo. Por estas razones debió crear un estudio que lo ayudara con el arte,24 aunque insistió en dibujar personalmente el rostro de cada Superman producido. Aparte del estudio de Shuster, otros artistas empezaron a contribuir, como Jack Burnley, quien suministró portadas e historias a partir de 1940,12 y Fred Ray, que desde 1941 creó una serie de portadas, algunas de las cuales alcanzaron el estatus de icono y fueron replicadas muchas veces, como la de Superman 14. Wayne Boring, que en un principio trabajaba en el estudio de Shuster, comenzó a trabajar para DC Comics en forma independiente en 1942, creando páginas tanto para Superman como para Action Comics.26 A Al Plastino, aunque había sido contratado para copiar a Wayne Boring, se le permitió crear su propio estilo, y se convirtió en uno de los artistas de Superman más prolíficos durante las «Edades de Oro y Plata» de los comics books.27"
	},
	
	{
	"imagen":"http://comicsbulletin.com/main/sites/default/files/reviews/images/1212/ww0.jpeg",
	"titulo":"WONDERWOMAN",
		"idcomic":"150",
	"fecha":"1985",
	"genero":"aventura",
	"personaje":"wonderwoman",
	"empresa":"DC COMICS",
	"idioma":"inglés",
	"cultura":"americana",
	"sinopsis":"La Mujer Maravilla (en inglés: Wonder Woman) es una superheroína ficticia creada por William Moulton Marston para la editorial DC Comics. El personaje es una princesa guerrera de las amazonas (basado en la mitológica raza de las amazonas de la mitología griega) y es conocida en su tierra natal como la princesa Diana de Themyscira. Cuando está fuera de su tierra natal, utiliza un alter-ego, por lo que también es conocida por su identidad secreta Diana Prince. Está dotada de una amplia gama de poderes superhumanos y habilidades de combate de batalla superiores, gracias a sus dones obtenidos de los dioses y su amplio entrenamiento. Ella posee un gran arsenal de armas, incluyendo entre las principales el lazo de la verdad, un par de brazaletes mágicos indestructibles, su tiara, que sirve como arma, y en algunos relatos, en la edad de oro, tuvo un avión invisible."
	},
	
	{
	"imagen":"https://www.ecccomics.com/content/productos/1638/wonderwoman_num10.jpg",
	"titulo":"WONDERWOMAN",
		"idcomic":"151",
	"fecha":"1985",
	"genero":"aventura",
	"personaje":"wonderwoman",
	"empresa":"DC COMICS",
	"idioma":"inglés",
	"cultura":"americana",
	"sinopsis":"El personaje apareció como tal publicada por primera vez en la revista de historietas All Star Comics #8 (de diciembre de 1941)1 y con su alter-ego en el Sensation Comics #1 (de enero de 1942).2 El título de historietas de la Mujer Maravilla ha sido publicada por DC Comics casi continuamente a excepción de un breve período donde no tuvo serie en 1986.3 Su representación como una heroína que lucha por la justicia, el amor, la paz y la igualdad sexual ha llevado a la Mujer Maravilla a convertirse en un icono feminista.4 5 6 Creada durante la Segunda Guerra Mundial, el personaje fue representada inicialmente en su lucha contra las fuerzas militares de ocupación del El Eje, así como una gran selección de supervillanos. Wonder Woman se ha ganado un gran elenco formidable de enemigos empeñados en la eliminación de la amazona, incluyendo villanos clásicos como Cheetah, Ares y la bruja Circe, y entre los más nuevos como Genocidio y El Círculo, así como también la enemistad y/o rivalidad de muchos dioses y monstruos de la mitología griega. Wonder Woman también ha aparecido regularmente en las historietas en los grupos de superhéroes como en la Sociedad de la Justicia de América (desde 1941) y la Liga de la Justicia (desde 1960).7"
	}, 
	
	{
	"imagen":"http://i2.wp.com/blogdesuperheroes.es/wp-content/plugins/BdSGallery/BdSGaleria/41817.jpg",
	"titulo":"WONDERWOMAN",
		"idcomic":"152",
	"fecha":"1985",
	"genero":"aventura",
	"personaje":"wonderwoman",
	"empresa":"DC COMICS",
	"idioma":"inglés",
	"cultura":"americana",
	"sinopsis":"Además de las historietas, el personaje ha hecho apariciones en otros medios de comunicación; más notablemente, la serie de televisión Wonder Woman (1975-1979), protagonizada por Lynda Carter, así como series animadas como los Super Amigos, la Liga de la Justicia y otro sinnúmero de cameos de otras series animadas. A raíz de la serie de televisión de Carter, varios estudios han luchado por introducir una nueva versión de la serie de acción en vivo de la Mujer Maravilla para el público, aunque el personaje ha continuado figurando en una gran variedad de juguetes y mercancías, así como las adaptaciones animadas en películas para DVD, incluyendo una película propia para el personaje. Los intentos de devolver a la Mujer Maravilla a la televisión han incluido un episodio piloto fallido para la NBC en 2011, seguido de cerca por otra producción estancada por parte de The CW.8 9 En 2013 se anunció que la actriz y modelo Israelí Gal Gadot interpretará a la Mujer Maravilla en la película de 2016 Batman v Superman: Dawn of Justice.10"
	}, 
	
	{
	"imagen":"https://brainstomping.files.wordpress.com/2012/04/wonder-woman-311-cover.jpg",
	"titulo":"WONDERWOMAN",
		"idcomic":"153",
	"fecha":"1985",
	"genero":"aventura",
	"personaje":"wonderwoman",
	"empresa":"DC COMICS",
	"idioma":"inglés",
	"cultura":"americana",
	"sinopsis":"Es una de las pocas heroínas que no tiene una contraparte masculina y se la considera informalmente junto con Batman y Superman como integrante de la Trinidad de DC Comics, siendo considerados estos tres superhéroes como los más importantes de esta compañía. A lo largo de los años, el título de Wonder Woman lo han poseído también otras amazonas, como son la misma Reina Hipólita, y su hermana, Donna Troy. En una entrevista realizada el 25 de octubre de 1940 en la revista Family Circle, William Moulton Marston discutió el medio potencial que nunca se había podido explotar.11 En este artículo llamó la atención del editor de historietas Max Gaines, quien contrató a Marston como consultor educativo para National Periodicals y All-American Publications, dos de las empresas que se fusionarían para formar DC Comics.12 En ese momento, Marston decidió desarrollar a un nuevo superhéroe; Con la ayuda de su esposa, Elizabeth, sugirió que creara a una superheroína femenina:13 14"
	}, 
	
	{
	"imagen":"https://s-media-cache-ak0.pinimg.com/736x/cc/87/52/cc8752465ff9c94db870b7c753a8e5e3.jpg",
	"titulo":"WONDERWOMAN",
		"idcomic":"154",
	"fecha":"1985",
	"genero":"aventura",
	"personaje":"wonderwoman",
	"empresa":"DC COMICS",
	"idioma":"inglés",
	"cultura":"americana",
	"sinopsis":"Marston introdujo la idea de Gaines, co-fundador de All-American Publications. Dándole el visto bueno, Marston desarrolló a la Mujer Maravilla junto con su esposa Elizabeth, a quien Marston cree que resultó ser el modelo de la poco convencional mujer liberal de la época.14 Marston también se inspiró en Oliva Byrne, una mujer de la época que vivía con su pareja en una relación poliamorosa.15 Las dos mujeres fueron la mejor influencia como modelos para la creación del personaje.14 Wonder Woman debutaría en All-Star Comics #8 (diciembre de 1941),16 con un guion de Marston y con los dibujos de Harry G. Peter. Wonder Woman fue nombrada inicialmente suprema en el primer guion de Marston, pero este nombre no fue utilizado.17  Además, Marston fue el creador de un aparato que mide el sistema de presión de la sangre, que fue crucial para el desarrollo de la prueba del polígrafo (el detector de mentiras). La experiencia de Marston con el polígrafo le convenció de que las mujeres eran más honestas y confiables que los hombres y podían trabajar más eficientemente.19"
	}, 
	
	{
	"imagen":"https://s-media-cache-ak0.pinimg.com/564x/ae/03/0c/ae030c737dde71f25fed31732a726a37.jpg",
	"titulo":"WONDERWOMAN",
		"idcomic":"155",
	"fecha":"1985",
	"genero":"aventura",
	"personaje":"wonderwoman",
	"empresa":"DC COMICS",
	"idioma":"inglés",
	"cultura":"americana",
	"sinopsis":"urante la Edad de Plata, el personaje quedó bajo el guión de Robert Kanigher, y el origen de la Mujer Maravilla fue renovado,24 junto con otros personajes. La nueva revisión sobre sus orígenes permitó dar a conocer nuevos personajes de orígen helénicos y sus raíces mitológicas: recibiría la bendición de cada deidad en su nacimiento, Diana estaría destinada a convertirse tan bella como Afrodita, sabia como Atenea, tan fuerte como Hércules, y tan rápida como Hermes. A finales de la década de 1960, bajo la dirección de Mike Sekowsky, Wonder Woman entregaría sus poderes con el fin de permanecer en el mundo humano en lugar de acompañar a sus compañeras amazonas a otra dimensión. La Mujer Maravilla comenzaría a utilizar el alias de Diana Prince y abrió una tienda de ropa. Aprendería artes marciales de un mentor chino llamado I Ching, además de habilidades en el uso de armas. Usando su capacidad de combate en lugar de sus poderes, Diana participaría en aventuras que abarcabaron una variedad de géneros, desde el espionaje hasta la mitología.26 A principios de 1970 el personaje volvería a sus raíces como superhéroe en la Liga de la Justicia de América y desde la Segunda Guerra Mundial con su propio título.28"
	},
	
	{
	"imagen":"http://static.batanga.com/sites/default/files/styles/large/public/comics.batanga.com/files/5-comics-para-entender-X-Men-Apocalypse-2.jpg?itok=DjnA59Db",
	"titulo":"X-MEN",
		"idcomic":"156",
	"fecha":"1985",
	"genero":"aventura",
	"personaje":"ninguno",
	"empresa":"marvel",
	"idioma":"inglés",
	"cultura":"americana",
	"sinopsis":"La primera aparición del grupo se produjo en el Uncanny X-Men # 1, en septiembre de 1963.7 Al percatarse del surgimiento masivo de mutantes por todo el mundo después de la Segunda Guerra Mundial, y del rechazo y el temor que generaban en la humanidad, el Profesor Charles Xavier un mutante con grandes poderes telepáticos, decidió invertir parte de su fortuna en convertir su vieja mansión estilo victoriano ubicada en el pueblo de Westchester, Nueva York, en una escuela para entrenar a jóvenes mutantes en el uso de sus poderes. Xavier sabía muy bien que parte del rechazo de la humanidad hacia los mutantes es derivado del temor que causan mutantes inexpertos a la hora de usar sus poderes. Inaugura así la Escuela Xavier para Jóvenes Dotados, una institución con reconocimiento académico oficial como una secundaria/preparatoria (high-school). Pero en secreto Xavier la ha equipado perfectamente como un centro de entrenamiento de primer nivel para mutantes. El objetivo de Xavier es que sus alumnos conformen un equipo de superhéroes mutantes. Él cree que ayudando a humanos y mutantes por igual con un equipo superheróico (al estilo de los Cuatro Fantásticos o los Avengers), le ayudara a los mutantes a ganar el respeto y reconocimiento de los humanos. El equipo original fue conformado por cinco mutantes adolescentes: Cíclope, Iceman, Bestia, Arcángel y Jean Grey. En su primera misión, los X-Men enfrentarán a un viejo conocido del Profesor Xavier, el mutante Magneto, el Amo del Magnetismo que a partir de entonces se convertirá en su archi-enemigo por antonomasia."
	},
	
	{
	"imagen":"https://www.google.es/imgres?imgurl=http%3A%2F%2Fvignette3.wikia.nocookie.net%2Fmarvel%2Fimages%2Fa%2Fa8%2FThe_X-Men_N%25C2%25B01_portada.jpg%2Frevision%2Flatest%3Fcb%3D20131119224647%26path-prefix%3Des&imgrefurl=http%3A%2F%2Fes.marvel.wikia.com%2Fwiki%2FThe_X-Men_Vol_1_1&docid=b_nWk1JKV9K98M&tbnid=-HTo2aHjrJcc2M%3A&w=800&h=1211&bih=838&biw=1288&ved=0ahUKEwjl2-HkupzPAhVBlhQKHVcdC-IQMwgeKAIwAg&iact=mrc&uact=8",
	"titulo":"X-MEN",
		"idcomic":"157",
	"fecha":"1985",
	"genero":"aventura",
	"personaje":"ninguno",
	"empresa":"marvel",
	"idioma":"inglés",
	"cultura":"americana",
	"sinopsis":"En una de sus primeras misiones los X-Men estuvieron a punto de reclutar a un adulto a sus filas, el mutante Blob. Más adelante se enfrentan también a la Hermandad de mutantes diabólicos, la respuesta de Magneto a los X-Men de Xavier. Entre algunas de las primeras amenazas a las que se enfrentan los X-Men se encuentran el imparable Juggernaut, malvado hermanastro del Profesor-X; visitan también por primera vez La Tierra Salvaje, una jungla prehistórica oculta en la Antártida. Otros de sus primeros enemigos fueron los Centinelas, gigantescos robots cazadores de mutantes creados por el científico Bolivar Trask. También combatieron al super equipo de villanos conocido como el Factor-Tres. Poco después de su conformación, los X-Men aceptaron en sus filas a un nuevo integrante, el mutante artificial conocido como Mímico. Sin embargo, poco después de unirse al grupo, Mimico sufrió un accidente que lo mantuvo incapacitado por varios años. Más adelante, el Profesor-X se vio forzado a abandonar al grupo para combatir el intento de invasión a la Tierra de los alienígenas Z'Nox. Xavier partió en secreto y solo Jean Grey supo la verdad. Para ocupar su lugar dentro de los X-Men, Xavier contrato a Changeling, un mutante metamorfo que lo suplantó en el equipo. Por desgracia, poco después de aliarse al grupo, Morfo muere en una misión haciéndoles creer a los X-Men que el verdadero Xavier había muerto. Más adelante Xavier regresó y con ayuda de los X-Men venció a los Z'Nox. Más tarde otros dos mutantes son aceptados en el grupo: Polaris, la hija de Magneto, y Havok, el hermano menor de Cíclope, quién es rescatado de las garras de la criatura conocida como Sauron. No obstante, Polaris y Havok serán considerados únicamente como miembros de reserva. Los X-Men permanecieron juntos por varios años. Bestia realizó algunas aventuras en solitario en las páginas dela revista Amazing Adventures."
	}, 
	
	{
	"imagen":"http://vignette3.wikia.nocookie.net/marvel/images/1/15/The_X-Men_N%C2%B02_portada.jpg/revision/latest?cb=20131119230530&path-prefix=es",
	"titulo":"X-MEN",
		"idcomic":"158",
	"fecha":"1985",
	"genero":"aventura",
	"personaje":"ninguno",
	"empresa":"marvel",
	"idioma":"inglés",
	"cultura":"americana",
	"sinopsis":"La serie fue relanzada con guiones de Chris Claremont y Dave Cockrum, conservando únicamente a Xavier y Cíclope del grupo original (aunque más adelante se anexaría también Jean Grey). La nueva formación de X-Men hizo su debut en la revista Giant Size X-Men #1, en 1975. Los X-Men originales (excepto Cíclope), son secuestrados por Krakoa, la Isla Viviente. De esta manera, Xavier decide reclutar a un grupo de mutantes para que los ayuden a él y a Cíclope a rescatar a los X-Men originales. Esta formación estaba compuesta por Wolverine, mutante canadiense, ex agente del gobierno de Canadá; Tormenta, mutante con poderes de control climático, venerada como una diosa en las sabanas de África; Nightcrawler, mutante alemán de peculiar aspecto demoniaco; Coloso, mutante de origen soviético; Ave de Trueno, un indio Apache, así como el irlandés Banshee y el japonés Fuego Solar, que ya habían aparecido previamente en las historias de los X-Men. Fue digno de destacar el origen internacional y multi-étnico de este nuevo grupo, que incluyó a miembros de minorías raciales de Estados Unidos (un indígena y una afroamericana), así como un japonés, un alemán y un soviético, originarios de países con relaciones históricamente tensas con los Estados Unidos. Este segundo equipo rescató exitosamente a los X-Men originales de las garras de Krakoa. Al volver a Nueva York, los X-Men originales (salvo Cíclope y Jean Grey) abandonan al grupo dejando espacio a la nueva generación. Poco después, Fuego Solar abandonó la formación argumentando que no quería pertenecer a ningún grupo, y Ave de Trueno murió tras la segunda misión a manos del villano Conde Nefaria."
	}, 
	
	{
	"imagen":"https://s-media-cache-ak0.pinimg.com/736x/73/ba/0b/73ba0bb42ff6deeacdf31ef2191762fd.jpg",
	"titulo":"X-MEN",
		"idcomic":"159",
	"fecha":"1985",
	"genero":"aventura",
	"personaje":"ninguno",
	"empresa":"marvel",
	"idioma":"inglés",
	"cultura":"americana",
	"sinopsis":"La Emperatriz Lilandra hace un llamado de auxilio al Profesor X. Su hermana, la princesa rebelde Ave de Muerte, ha realizado un golpe de estado en su contra, en combinación con una raza de alienígenas parásitos conocidos como los Brood. Los X-Men viajan en su ayuda, siendo secuestrados por los Brood y llevados hasta su horrible planeta. En la Tierra, Xavier cree que los X-Men han muerto. Los X-Men logran escapar del mundo de los Brood con ayuda de Lockheed, un simpático extraterrestre con apariencia de dragón perteneciente a la raza Flock. El mundo de los Brood es destruido. Eventualmente, y con ayuda de los Starjammers y de Carol Danvers, los X-Men derrotan a Ave de Muerte y Lilandra recupera el trono. Lockheed se une a los X-Men al volver a la Tierra. Mientras tanto, en la Tierra, al creer que los X-Men habían muerto, Xavier recluta y forma un grupo de jóvenes mutantes: Los Nuevos Mutantes (cuyas aventuras se desarrollarán en un spin-off titulado Nuevos Mutantes). El primer grupo estará encarnado por Bala de Cañón, Danielle Moonstar, Wolfsbane, Sunspot y Karma. Los Nuevos Mutantes se convierten en discípulos, socios y aliados de los X-Men."
	}
]