[
		
	{
	"imagen":"http://cloud10.todocoleccion.online/comics-manga/tc/2015/09/05/19/51077372.jpg",
	"titulo":"AKIRA",
		"idcomic":"19",
	"fecha":"1982",
	"genero":"aventura",
	"personaje":"ninguno",
	"empresa":"Kōdansha",
	"idioma":"japonés",
	"cultura":"japonesa",
	"sinopsis":"Akira (アキラ?) es un manga en el que también se basa la película homónima de animación japonesa. Ambas obras tuvieron un reconocimiento instantáneo como clásicos dentro de sus respectivos géneros. El manga, de más de dos mil páginas, fue escrito y dibujado por Katsuhiro Otomo entre los años 1982 y 1990 obteniendo un éxito significativo en Japón y en el resto del mundo. Premiada con el Premio Kōdansha al mejor manga en 1984 en la categoría general (一般部門). El largometraje homónimo se separa de la línea argumental del manga por causas claras: la película fue estrenada cinco años antes de la conclusión del manga. Akira se ambienta en la ciudad futurista de Neo-Tokio, representada con profundo detalle en la película de animación (se invirtieron cerca de siete millones de dólares sólo en los decorados)."
	},
	
	{
	"imagen":"http://vignette1.wikia.nocookie.net/akira/images/8/86/Akira-2263057.jpg/revision/latest?cb=20130610193206",
	"titulo":"AKIRA",
		"idcomic":"20",
	"fecha":"1982",
	"genero":"aventura",
	"personaje":"ninguno",
	"empresa":"Kōdansha",
	"idioma":"japonés",
	"cultura":"japonesa",
	"sinopsis":"Trasfondo 1988: El mundo está al borde de la destrucción absoluta. La tecnología avanzada fue la causa de una terrible explosión que desencadenó una guerra nuclear y devastó las grandes ciudades del planeta. Treinta años después, sobre las ruinas de Tokio, se alza la megalópolis de Neo-Tokio, una ciudad opresiva e inhumana cargada de problemas como el desempleo, la violencia, la droga y el terrorismo. Las sectas religiosas y los grupos extremistas, aprovechándose de la insatisfacción de los ciudadanos, cultivan el mito de Akira, un niño cobaya depositario de la energía absoluta cuya resurrección significaría para Japón el amanecer de una nueva era."
	}, 
	
	{
	"imagen":"http://vignette1.wikia.nocookie.net/akira/images/8/84/Akira-2265003.jpg/revision/latest?cb=20130610193207",
	"titulo":"AKIRA",
		"idcomic":"21",
	"fecha":"1982",
	"genero":"aventura",
	"personaje":"ninguno",
	"empresa":"Kōdansha",
	"idioma":"japonés",
	"cultura":"japonesa",
	"sinopsis":"La historia se desarrolla en el año 2019 en Neo-Tokio, una ciudad reconstruida tras sufrir los devastadores efectos de una presunta explosión nuclear que desencadena la tercera guerra mundial. El gobierno ejerce un control represivo sobre la ciudad y experimenta sobre unos niños con poderes psíquicos latentes, aplicándoles fármacos para potenciarlos, estos contribuyen con predicciones para mantener la paz. Kaneda y Tetsuo son miembros de una pandilla de motociclistas llamada The capsules que tienen entre otras aficiones participar en peleas callejeras contra otras bandas, enfrentándose continuamente contra otra pandilla llamada The clowns montados sobre potentes motos. En una de estas peleas, Tetsuo sufre un accidente causado por un extraño niño con aspecto de anciano. A partir de ese accidente, Tetsuo no vuelve a ser el mismo. El gobierno lo secuestra, y en un análisis descubren que su potencial psíquico es uno de los más grandes que hayan detectado, comparable al de un sujeto extraordinario reclutado tiempo atrás. Empiezan a experimentar con él y éste comienza a desarrollar poderes psíquicos rápidamente, los cuales exacerban sus miedos y frustraciones, transformando patológicamente su personalidad. Por otro lado, se encuentran Kay y Ryu, miembros de la resistencia y dirigidos por su jefe Nezu, estos intentan averiguar qué ocurre en las instalaciones del ejército situadas en la zona cero, lugar donde explotó la bomba nuclear que destruyó la antigua ciudad. En este lugar es donde se encuentran Kiyoko, Takashi y Masaru, niños de extraña apariencia y poseedores de estos poderes psíquicos, sin olvidar a Akira que se descubre como el auténtico responsable de la explosión acontecida años atrás, al alcanzar el poder absoluto."
	}, 
	
	{
	"imagen":"https://s-media-cache-ak0.pinimg.com/736x/c8/d5/1b/c8d51ba864763357879f9b67e65055b3.jpg",
	"titulo":"AKIRA",
		"idcomic":"22",
	"fecha":"1982",
	"genero":"aventura",
	"personaje":"ninguno",
	"empresa":"Kōdansha",
	"idioma":"japonés",
	"cultura":"japonesa",
	"sinopsis":"Producto de los experimentos del gobierno, Tetsuo empieza a sufrir alucinaciones y desarrolla poderes paranormales más allá de todo lo conocido. Esto lo lleva a creerse un dios y a enfrentarse al ejército mismo buscando cualquier evidencia de la existencia de Akira, ya que se cree su sucesor y superior a él. Luego la lucha por controlar el poder que tanto anheló se desata y lo lleva por el camino de la autodestrucción. Por otro lado Kaneda, líder de su pandilla, se relaciona con Kay, de la cual termina enamorándose y se enfrenta con Tetsuo, del cual había sido sobreprotector. Éste último desarrolla un sentimiento de inferioridad y odio hacia Kaneda, al que cuestiona como jefe, que se ve potenciado por sus nuevos poderes. A todo esto surgen sectas y grupos que adoran a Akira y toman a Tetsuo como el nuevo salvador que sacara a Neo-Tokio del caos y la opresión."
	}, 
	
	{
	"imagen":"https://guardiaoscura.files.wordpress.com/2012/03/2123993-akira_4_c001.jpg",
	"titulo":"AKIRA",
		"idcomic":"23",
	"fecha":"1982",
	"genero":"aventura",
	"personaje":"ninguno",
	"empresa":"Kōdansha",
	"idioma":"japonés",
	"cultura":"japonesa",
	"sinopsis":"En 1988 se estrenó la película animada - antes de finalizar el manga - que supuso un salto cualitativo en la animación japonesa al dotarse de un gran presupuesto gracias al Comité Akira que se formó a propósito para producir el filme. La película fue dirigida también por Katsuhiro Otomo. Esta película marcó el inicio de la difusión del manga y el anime fuera de Japón, gracias al impacto que provocó en los espectadores de todo el mundo.Es considerada por muchos como la mejor película de animación japonesa, junto a las dirigidas por Hayao Miyazaki. Otomo era muy admirado por el dibujante de cómics francés Jean Giraud (Moebius)"
	}, 
	
	{
	"imagen":"http://i8.mangareader.net/akira/3/akira-50496.jpg",
	"titulo":"AKIRA",
		"idcomic":"24",
	"fecha":"1982",
	"genero":"aventura",
	"personaje":"ninguno",
	"empresa":"Kōdansha",
	"idioma":"japonés",
	"cultura":"japonesa",
	"sinopsis":"En varias entrevistas con la edición de los EE.UU. de Shonen Jump, Masashi Kishimoto, creador de Naruto, ha citado el manga y el anime de Akira como determinantes, en particular en la base de su carrera como mangaka. El aclamado director de anime Satoshi Kon fue acreditado para algunas de las obras de arte en las ediciones de Marvel Comics de Akira. Este fenómeno ha potenciado que algunos artistas basen alguna sus de obras en el cómic y la película, como en el caso del grupo vigués Blows, que le ha dedicado la canción Akira vs. Tetsuo en su CD Ejército de Fantasmas (2012)."
	}
]