[	
	
	{
	"imagen":"http://1.bp.blogspot.com/-R2BN9L_UErU/UJzk9oK0DGI/AAAAAAAAQC8/QpYa_VGFByI/s1600/TMNT%2B%252303_Mar1801_001.jpg",
	"titulo":"Ninja Turtles",
		"idcomic":"144",
	"fecha":"1983",
	"genero":"aventura",
	"personaje":"ninguno",
	"empresa":"Mirage Studios",
	"idioma":"inglés",
	"cultura":"americana",
	"sinopsis":"Las Tortugas Ninja, o formalmente Las Tortugas Ninja Mutantes Adolescentes (y en algunos países de Latinoamérica Las Ninja Tortugas Adolescentes Mutantes, Tortugas Ninja o simplemente Tortuninjas), también abreviado como TMNT (abreviatura de Teenage Mutant Ninja Turtles, título original), son un multiverso ficticio de cuatro hermanos, tortugas antropomorfos que, como se puede deducir del nombre, son también adolescentes, mutantes y ninjas. Cada una de las tortugas está nombrada en honor de artistas famosos del Renacimiento italiano: Leonardo (de Leonardo da Vinci) - azul, Raphael (Rafael Sanzio) - rojo, Michelangelo (Miguel Ángel Buonarroti) - naranja, Donatello (Donatello) - violeta, incluso su maestro, Splinter, lleva el apodo de un importante pintor del Quattrocento, (Giovanni di Ser Giovanni, llamado «Scheggia», es decir Splinter."
	},
	
	{
	"imagen":"http://media.biobiochile.cl/wp-content/uploads/2015/03/2491435-turtle789-730x1107.jpg",
	"titulo":"Ninja Turtles",
		"idcomic":"145",
	"fecha":"1983",
	"genero":"aventura",
	"personaje":"ninguno",
	"empresa":"Mirage Studios",
	"idioma":"inglés",
	"cultura":"americana",
	"sinopsis":"Las TNMA viven a menudo en las alcantarillas de Nueva York, pero también han vivido en otros lugares, como la granja de la abuela de April O'Neil en Northampton, Massachusetts, viejas estaciones del metro subterráneo y el apartamento de April O'Neil. Las Tortugas Ninja han inspirado el nombre de una tortuga prehistórica que tiene cuernos y una cola llena de picos. Los científicos ubicaron este animal en un nuevo género, Ninjemys, que significa la tortuga ninja."
	}, 
	
	{
	"imagen":"http://mlm-s2-p.mlstatic.com/comic-tortugas-ninja-turtles-tmnt-variante-num-9-idw-hm4-13385-MLM3243289083_102012-F.jpg",
	"titulo":"Ninja Turtles",
		"idcomic":"146",
	"fecha":"1983",
	"genero":"aventura",
	"personaje":"ninguno",
	"empresa":"Mirage Studios",
	"idioma":"inglés",
	"cultura":"americana",
	"sinopsis":"El 21 de octubre de 2009, se anunció que Viacom había comprado los derechos de la franquicia de las Tortugas Ninja, propiedad de Mirage Studios. Los nuevos planes incluyen la creación de una nueva serie animada en formato CGI de Las Tortugas Ninja, y una nueva película en imagen real de Las Tortugas Ninja la cual fue producida por Nickelodeon en asociación con Paramount Pictures se estrenó el 7 de agosto de 2014.."
	}, 
	
	{
	"imagen":"http://2.bp.blogspot.com/-wN_2berdCRQ/UuJvo89YRjI/AAAAAAAAuoI/JhLDCNT2COc/s1600/tmnt_1984-comic.jpg",
	"titulo":"Ninja Turtles",
		"idcomic":"147",
	"fecha":"1983",
	"genero":"aventura",
	"personaje":"ninguno",
	"empresa":"Mirage Studios",
	"idioma":"inglés",
	"cultura":"americana",
	"sinopsis":"El formato del cómic fue más grande que el de las historietas regulares, y permaneció en este tamaño para las primeras ediciones. El éxito también condujo a un incremento de popularidad de los cómics en blanco y negro a mediados de los años 80, cuando otras pequeñas editoriales intentaron sacar también parodias de animales antropomorfos esperando obtener beneficios rápidos. La mayoría de ellos lograron venderlos a las tiendas de cómics en grandes cantidades, pero no lograron venderse a los lectores, lo que llevó a un colapso de ventas de historietas durante 1986-1987. A través de los años los cómics de las tortugas ninja han inspirado cuatro series separadas y varias historias alternativas, culminando en el TMNT: Volumen 4 en blanco y negro, que comenzó su publicación en 2001 y continúa hasta la fecha de 2005; sin embargo, sufre de ventas escasas y de muy poca publicidad."
	}, 
	
	{
	"imagen":"http://1.bp.blogspot.com/-R2BN9L_UErU/UJzk9oK0DGI/AAAAAAAAQC8/QpYa_VGFByI/s1600/TMNT%2B%252303_Mar1801_001.jpg",
	"titulo":"Ninja Turtles",
		"idcomic":"148",
	"fecha":"1983",
	"genero":"aventura",
	"personaje":"ninguno",
	"empresa":"Mirage Studios",
	"idioma":"inglés",
	"cultura":"americana",
	"sinopsis":"Las historietas de Archie poseyeron los derechos de publicación de los cómics basados en la serie de animación de 1987. Estas aventuras cómicas, TMNT Adventures, dejaron de seguir la historia del programa de televisión después de la edición número 5 y desarrollaron sus propios argumentos de historia. Mientras que la serie de televisión de 1987 tenía mucho más humor, la encarnación de los cómics de Archie eran temas más oscuros, más violentos y exploraban temas tales como la muerte, conflicto religioso y problemas medioambientales. La serie de cómics de Archie fue publicada entre 1988 y 1995."
	}, 
	
	{
	"imagen":"http://www.cinepremiere.com.mx/assets/images/noticias/2014/07-julio/GhostbustersTMNT.jpg",
	"titulo":"Ninja Turtles",
		"idcomic":"149",
	"fecha":"1983",
	"genero":"aventura",
	"personaje":"ninguno",
	"empresa":"Mirage Studios",
	"idioma":"inglés",
	"cultura":"americana",
	"sinopsis":"Image Comics también lanzó una serie de acción de las tortugas ninja, conocida como Volumen 3, después de la desaparición del Volumen 2 y antes del lanzamiento del Volumen 4. El Volumen 3 fue tenido en gran aversión por los fanáticos, en gran parte por la mutilación de los personajes principales (Leonardo perdió un brazo y Rafael perdió un ojo). Se ha sacado de la continuidad y no es canon. El Volumen 2, publicado otra vez por Mirage, mostró a Baxter Stockman en un cuerpo robótico como el villano principal y salió en 13 ediciones completas a color. Dan Berger dibujó y escribió una historieta diaria, ésta fue publicada hasta su cancelación en diciembre de 1996. En la cima de su popularidad, fue publicada en más de 250 periódicos alrededor del mundo. Desde junio hasta diciembre de 2003, fue publicada una historieta mensual por Dreamwave Productions, inspirada en la serie animada de 2003, hasta que fue cancelada debido a las bajas ventas. Fue escrita por Peter David e ilustrada por LeSean Thomas y en las primeras tres ediciones, que fueron las únicas basadas en la serie de TV, se mostró la perspectiva de April O'Neil, de Baxter Stockman y de Casey Jones en lugar del punto de vista de las mismas tortugas. Actualmente la editorial IDW Publishing tomó los derechos de los cómics y actualmente publica su serie y ha creado unos spin-off centrados en algunos de sus personajes secundarios."
	}
]