[	
	{
	"imagen":"http://cloud10.todocoleccion.online/comics-ediciones-b/tc/2016/01/16/17/53825807.jpg",
	"titulo":"13 Rue del Percebe",
	"idcomic":"1",
	"fecha":"1965",
	"genero":"humor",
	"personaje":"ninguno",
	"empresa":"ole",
	"idioma":"español",
	"cultura":"europea",
	"sinopsis":"El volumen, por deseo de Ibáñez, solo contiene las páginas que él mismo realizó, entre 1961 y 1968, no las que hicieron otros dibujantes mientras duró la serie, tal como era habitual en la Bruguera de la época. Muchas de las historietas no habían vuelto a ver la luz desde que se publicaron en su día en 'Tío Vivo'. Los inquilinos de 13, Rue del Percebe ya forman parte de la iconografía popular. Ahí está el desconfiado tendero, la portera, a la que gusta hablar con Don Hurón, ‘habitante’ de la alcantarilla, la mezquina dueña de una superpoblada pensión, la anciana protectora de animales, el científico loco a lo doctor Frankenstein o el caco y su sufrida señora. Un edificio en el que el hasta el ascensor y el ratón y el gato, siempre persiguiendo el primero al segundo por la buhardilla, son tan protagonistas como el resto de vecinos."
	},
	{
	"imagen":"http://www.pitodoble.com/imagenes/2009/02/portada021972-400x567.jpg",
	"titulo":"13 Rue del Percebe",
		"idcomic":"2",
	"fecha":"1965",
	"genero":"humor",
	"personaje":"ninguno",
	"empresa":"ole",
	"idioma":"español",
	"cultura":"europea",
	"sinopsis":"El volumen, por deseo de Ibáñez, solo contiene las páginas que él mismo realizó, entre 1961 y 1968, no las que hicieron otros dibujantes mientras duró la serie, tal como era habitual en la Bruguera de la época. Muchas de las historietas no habían vuelto a ver la luz desde que se publicaron en su día en 'Tío Vivo'. Los inquilinos de 13, Rue del Percebe ya forman parte de la iconografía popular. Ahí está el desconfiado tendero, la portera, a la que gusta hablar con Don Hurón, ‘habitante’ de la alcantarilla, la mezquina dueña de una superpoblada pensión, la anciana protectora de animales, el científico loco a lo doctor Frankenstein o el caco y su sufrida señora. Un edificio en el que el hasta el ascensor y el ratón y el gato, siempre persiguiendo el primero al segundo por la buhardilla, son tan protagonistas como el resto de vecinos."
	}, 

	{
	"imagen":"http://cloud10.todocoleccion.online/tebeos-bruguera/tc/2010/07/26/20654324_5215079.jpg",
	"titulo":"13 Rue del Percebe",
		"idcomic":"3",
	"fecha":"1965",
	"genero":"humor",
	"personaje":"ninguno",
	"empresa":"ole",
	"idioma":"español",
	"cultura":"europea",
	"sinopsis":"El volumen, por deseo de Ibáñez, solo contiene las páginas que él mismo realizó, entre 1961 y 1968, no las que hicieron otros dibujantes mientras duró la serie, tal como era habitual en la Bruguera de la época. Muchas de las historietas no habían vuelto a ver la luz desde que se publicaron en su día en 'Tío Vivo'.Los inquilinos de 13, Rue del Percebe ya forman parte de la iconografía popular. Ahí está el desconfiado tendero, la portera, a la que gusta hablar con Don Hurón, ‘habitante’ de la alcantarilla, la mezquina dueña de una superpoblada pensión, la anciana protectora de animales, el científico loco a lo doctor Frankenstein o el caco y su sufrida señora. Un edificio en el que el hasta el ascensor y el ratón y el gato, siempre persiguiendo el primero al segundo por la buhardilla, son tan protagonistas como el resto de vecinos."
	}, 
	
	{
	"imagen":"http://cloud10.todocoleccion.online/tebeos-bruguera/fot/2008/03/24/7921165.jpg",
	"titulo":"13 Rue del Percebe",
		"idcomic":"4",
	"fecha":"1965",
	"genero":"humor",
	"personaje":"ninguno",
	"empresa":"ole",
	"idioma":"español",
	"cultura":"europea",
	"sinopsis":"El volumen, por deseo de Ibáñez, solo contiene las páginas que él mismo realizó, entre 1961 y 1968, no las que hicieron otros dibujantes mientras duró la serie, tal como era habitual en la Bruguera de la época. Muchas de las historietas no habían vuelto a ver la luz desde que se publicaron en su día en 'Tío Vivo'. Los inquilinos de 13, Rue del Percebe ya forman parte de la iconografía popular. Ahí está el desconfiado tendero, la portera, a la que gusta hablar con Don Hurón, ‘habitante’ de la alcantarilla, la mezquina dueña de una superpoblada pensión, la anciana protectora de animales, el científico loco a lo doctor Frankenstein o el caco y su sufrida señora. Un edificio en el que el hasta el ascensor y el ratón y el gato, siempre persiguiendo el primero al segundo por la buhardilla, son tan protagonistas como el resto de vecinos."
	}, 
	
	{
	"imagen":"http://cloud10.todocoleccion.online/tebeos-bruguera/tc/2016/08/06/16/58437931_1470493255.jpg",
	"titulo":"13 Rue del Percebe",
	"idcomic":"5",
	"fecha":"1965",
	"genero":"humor",
	"personaje":"ninguno",
	"empresa":"ole",
	"idioma":"español",
	"cultura":"europea",
	"sinopsis":"El volumen, por deseo de Ibáñez, solo contiene las páginas que él mismo realizó, entre 1961 y 1968, no las que hicieron otros dibujantes mientras duró la serie, tal como era habitual en la Bruguera de la época. Muchas de las historietas no habían vuelto a ver la luz desde que se publicaron en su día en 'Tío Vivo'. Los inquilinos de 13, Rue del Percebe ya forman parte de la iconografía popular. Ahí está el desconfiado tendero, la portera, a la que gusta hablar con Don Hurón, ‘habitante’ de la alcantarilla, la mezquina dueña de una superpoblada pensión, la anciana protectora de animales, el científico loco a lo doctor Frankenstein o el caco y su sufrida señora. Un edificio en el que el hasta el ascensor y el ratón y el gato, siempre persiguiendo el primero al segundo por la buhardilla, son tan protagonistas como el resto de vecinos."
	}, 
	
	{
	"imagen":"http://cloud10.todocoleccion.online/comics-ediciones-b/tc/2016/07/14/10/58004355.jpg",
	"titulo":"13 Rue del Percebe",
	"idcomic":"6",
	"fecha":"1965",
	"genero":"humor",
	"personaje":"ninguno",
	"empresa":"ole",
	"idioma":"español",
	"cultura":"europea",
	"sinopsis":"El volumen, por deseo de Ibáñez, solo contiene las páginas que él mismo realizó, entre 1961 y 1968, no las que hicieron otros dibujantes mientras duró la serie, tal como era habitual en la Bruguera de la época. Muchas de las historietas no habían vuelto a ver la luz desde que se publicaron en su día en 'Tío Vivo'. Los inquilinos de 13, Rue del Percebe ya forman parte de la iconografía popular. Ahí está el desconfiado tendero, la portera, a la que gusta hablar con Don Hurón, ‘habitante’ de la alcantarilla, la mezquina dueña de una superpoblada pensión, la anciana protectora de animales, el científico loco a lo doctor Frankenstein o el caco y su sufrida señora. Un edificio en el que el hasta el ascensor y el ratón y el gato, siempre persiguiendo el primero al segundo por la buhardilla, son tan protagonistas como el resto de vecinos."
	}, 
	
	{
	"imagen":"http://cloud10.todocoleccion.online/comics-ediciones-b/tc/2016/04/13/12/56096452.jpg",
	"titulo":"13 Rue del Percebe",
		"idcomic":"7",
	"fecha":"1965",
	"genero":"humor",
	"personaje":"ninguno",
	"empresa":"ole",
	"idioma":"español",
	"cultura":"europea",
	"sinopsis":"El volumen, por deseo de Ibáñez, solo contiene las páginas que él mismo realizó, entre 1961 y 1968, no las que hicieron otros dibujantes mientras duró la serie, tal como era habitual en la Bruguera de la época. Muchas de las historietas no habían vuelto a ver la luz desde que se publicaron en su día en 'Tío Vivo'. Los inquilinos de 13, Rue del Percebe ya forman parte de la iconografía popular. Ahí está el desconfiado tendero, la portera, a la que gusta hablar con Don Hurón, ‘habitante’ de la alcantarilla, la mezquina dueña de una superpoblada pensión, la anciana protectora de animales, el científico loco a lo doctor Frankenstein o el caco y su sufrida señora. Un edificio en el que el hasta el ascensor y el ratón y el gato, siempre persiguiendo el primero al segundo por la buhardilla, son tan protagonistas como el resto de vecinos."
	}, 
	
	{
	"imagen":"http://cloud10.todocoleccion.online/comics-ediciones-b/tc/2016/06/21/15/57593285.jpg",
	"titulo":"13 Rue del Percebe",
		"idcomic":"8",
	"fecha":"1965",
	"genero":"humor",
	"personaje":"ninguno",
	"empresa":"ole",
	"idioma":"español",
	"cultura":"europea",
	"sinopsis":"El volumen, por deseo de Ibáñez, solo contiene las páginas que él mismo realizó, entre 1961 y 1968, no las que hicieron otros dibujantes mientras duró la serie, tal como era habitual en la Bruguera de la época. Muchas de las historietas no habían vuelto a ver la luz desde que se publicaron en su día en 'Tío Vivo'. Los inquilinos de 13, Rue del Percebe ya forman parte de la iconografía popular. Ahí está el desconfiado tendero, la portera, a la que gusta hablar con Don Hurón, ‘habitante’ de la alcantarilla, la mezquina dueña de una superpoblada pensión, la anciana protectora de animales, el científico loco a lo doctor Frankenstein o el caco y su sufrida señora. Un edificio en el que el hasta el ascensor y el ratón y el gato, siempre persiguiendo el primero al segundo por la buhardilla, son tan protagonistas como el resto de vecinos."
	}, 
	
	{
	"imagen":"http://cloud10.todocoleccion.online/comics-ediciones-b/tc/2016/05/12/14/56788059.jpg",
	"titulo":"13 Rue del Percebe",
		"idcomic":"9",
	"fecha":"1965",
	"genero":"humor",
	"personaje":"ninguno",
	"empresa":"ole",
	"idioma":"español",
	"cultura":"europea",
	"sinopsis":"El volumen, por deseo de Ibáñez, solo contiene las páginas que él mismo realizó, entre 1961 y 1968, no las que hicieron otros dibujantes mientras duró la serie, tal como era habitual en la Bruguera de la época. Muchas de las historietas no habían vuelto a ver la luz desde que se publicaron en su día en 'Tío Vivo'. Los inquilinos de 13, Rue del Percebe ya forman parte de la iconografía popular. Ahí está el desconfiado tendero, la portera, a la que gusta hablar con Don Hurón, ‘habitante’ de la alcantarilla, la mezquina dueña de una superpoblada pensión, la anciana protectora de animales, el científico loco a lo doctor Frankenstein o el caco y su sufrida señora. Un edificio en el que el hasta el ascensor y el ratón y el gato, siempre persiguiendo el primero al segundo por la buhardilla, son tan protagonistas como el resto de vecinos."
	}, 
	
	{
	"imagen":"http://cloud2.todocoleccion.net/comics-ediciones-b/tc/2013/10/31/21/39757375.jpg",
	"titulo":"13 Rue del Percebe",
		"idcomic":"10",
	"fecha":"1965",
	"genero":"humor",
	"personaje":"ninguno",
	"empresa":"ole",
	"idioma":"español",
	"cultura":"europea",
	"sinopsis":"El volumen, por deseo de Ibáñez, solo contiene las páginas que él mismo realizó, entre 1961 y 1968, no las que hicieron otros dibujantes mientras duró la serie, tal como era habitual en la Bruguera de la época. Muchas de las historietas no habían vuelto a ver la luz desde que se publicaron en su día en 'Tío Vivo'.Los inquilinos de 13, Rue del Percebe ya forman parte de la iconografía popular. Ahí está el desconfiado tendero, la portera, a la que gusta hablar con Don Hurón, ‘habitante’ de la alcantarilla, la mezquina dueña de una superpoblada pensión, la anciana protectora de animales, el científico loco a lo doctor Frankenstein o el caco y su sufrida señora. Un edificio en el que el hasta el ascensor y el ratón y el gato, siempre persiguiendo el primero al segundo por la buhardilla, son tan protagonistas como el resto de vecinos."
	},

	{
	"imagen":"http://vignette1.wikia.nocookie.net/mortadelo-y-filemn/images/d/d7/Chapeau_el_esmirriau_(c%C3%B3mic).gif/revision/latest?cb=20130517183843&path-prefix=es",
	"titulo":"Mortadelo y Filemon",
		"idcomic":"99",
	"fecha":"1961",
	"genero":"humor",
	"personaje":"ninguno",
	"empresa":"ole",
	"idioma":"español",
	"cultura":"europea",
	"sinopsis":"Originalmente, estas historietas fueron publicadas serializadas en revistas como Pulgarcito o Mortadelo. Posteriormente, han sido recopiladas en álbumes de la Colección Olé!, hasta que a mediados de los 90, con la desaparición de las revistas, ésta se convirtió en su forma primera de publicación. Hay otras colecciones recopilatorias como Super Humor, Magos del humor, etc. También se editan libros con chistes y curiosidades diversas, como Guía para la vida del joven de hoy en día, Guía para la vida del estudiante de hoy en día, Guía para la vida de un agente de la T.I.A y ¡Dibújalos tú solito!En la colección Olé!La Colección Olé! recopila la mayoría de la historietas largas, aunque mezcla antiguas con modernas en un orden aleatorio que pasa por alto el orden cronológico de las mismas. Estas historietas independientes, de 44 a 48 páginas cada una, aparecían seguidas de historietas cortas de entre una y ocho páginas hasta completar 60 en cada libro. En ocasiones, el álbum no lleva siquiera el título de la historieta larga, como en Solos ante el peligro, No se gana para sustos y Dos turulatos muy guapos que contienen Misión de perros, El plano de Alí-gusa-no y El caso de los señores pequeñitos, respectivamente. Sin embargo, algunos números no son más que recopilatorios de historietas cortas de Mortadelo y Filemón, tanto de su época como Agencia de Información y tras formar parte de la T.I.A. Álbumes tales como Agencia de Información, Un topo y dos berberechos, Pitorreo a domicilio, Los demás, todos maltrechos, La caza del caco, La historia de Mortadelo y Filemón, Gente de recochineo fino, Dos cabestros y un pollino, ¡Sálvese quien pueda! ¡Auxilio!, Tres cerebelos estrechos, Reyes de la risa, El embrollo matutino, Ceporros en pleno idilio, Alegres aventuras, Agentes a mogollón, Vaya par de chiflados, Detectives de ocasión y De nuevo en ebullición. También ha habido recopilaciones de historietas cortas apócrifas como La torta sicodélica, La bolsa o la vida y De bote en bote y otras historias. La nueva y más reciente edición de la Colección Olé! no incluye títulos que sí incluyó la versión antigua de la colección, como por ejemplo El rescate botarate o La maldición gitana."
	},
	
	{
	"imagen":"http://articulos.telocompro.es/anuncios_ma/f10818_1.jpg",
	"titulo":"Mortadelo y Filemon",
		"idcomic":"100",
	"fecha":"1961",
	"genero":"humor",
	"personaje":"ninguno",
	"empresa":"ole",
	"idioma":"español",
	"cultura":"europea",
	"sinopsis":"Entre 1965 y 1970 se realizaron una serie de cortometrajes de animación sobre Mortadelo y Filemón, producidos por los Estudios Vara.16 Aunque la intención de los animadores era crear una serie de televisión, no tenían la capacidad de realizar tantos episodios como les exigía el medio, por lo que los 16 cortometrajes que se crearon se dividieron en dos películas17 (ver sección Cine), cada corto tiene una duración aproximada de 6 minutos. Son independientes y originales, pues no están basados en ninguna historieta en cómic hasta ahora aparecidas.Años después, en 1994, se creó la serie de animación homónima para televisión propiamente dicha, obra de BRB Internacional y Antena 3. Consta de 26 episodios divididos en dos temporadas de 13 capítulos de 20 minutos de duración cada uno. Esta vez sí están basados en las aventuras largas creadas por Ibáñez.18"
	}, 
	
	{
	"imagen":"http://mortadelo-filemon.es/images/photos/Portadas/Ases%20y%20Magos/Ases_del_Humor/07Chapeauelesmirriau.jpg",
	"titulo":"Mortadelo y Filemon",
		"idcomic":"101",
	"fecha":"1961",
	"genero":"humor",
	"personaje":"ninguno",
	"empresa":"ole",
	"idioma":"español",
	"cultura":"europea",
	"sinopsis":"En Mortadelo y Filemón, agencia de información, Filemón es el jefe de una agencia de detectives y tiene a Mortadelo como empleado y único ayudante. Las primeras historias eran de una sola página en blanco y negro (salvo cuando ésta ocupaba la portada) con seis filas de viñetas y seguían un esquema muy sencillo: Alguien contrata los servicios de la agencia, pero al intentar cumplir la misión, se produce algún equívoco que resulta en un completo fracaso de ésta. El descubrimiento del equívoco terminaba generalmente en una persecución o en alguien desmayándose."
	}, 
	
	{
	"imagen":"http://www.tebeosfera.com/imagenes/numeros/3/5/numeros-F719-338-358-435.jpg",
	"titulo":"Mortadelo y Filemon",
		"idcomic":"102",
	"fecha":"1961",
	"genero":"humor",
	"personaje":"ninguno",
	"empresa":"ole",
	"idioma":"español",
	"cultura":"europea",
	"sinopsis":"En Mortadelo y Filemón, agencia de información, Filemón es el jefe de una agencia de detectives y tiene a Mortadelo como empleado y único ayudante. Las primeras historias eran de una sola página en blanco y negro (salvo cuando ésta ocupaba la portada) con seis filas de viñetas y seguían un esquema muy sencillo: Alguien contrata los servicios de la agencia, pero al intentar cumplir la misión, se produce algún equívoco que resulta en un completo fracaso de ésta. El descubrimiento del equívoco terminaba generalmente en una persecución o en alguien desmayándose. Esta estructura de presentación-equívoco-desenlace era extremadamente común en las historietas de la escuela Bruguera.Filemón tenía nariz aguileña, vestía chaqueta y sombrero de felpa y fumaba en pipa (en el número 1404 de Pulgarcito llegó incluso a vestir el impermeable y sombrero a cuadros característico de la mayoría de las ilustraciones de Holmes). Mortadelo, por su parte, además de las habituales gafas y levita negras, llevaba bombín y paraguas del mismo color. El bombín servía además a Mortadelo para guardar los disfraces, un recurso que con el tiempo se revelaría innecesario. Otra característica del Mortadelo primigenio (y que sólo duró unas pocas historietas) eran unos ojos perpetuamente entrecerrados que le conferían un aspecto despistado."
	}, 
	
	{
	"imagen":"http://vignette1.wikia.nocookie.net/mortadelo-y-filemn/images/6/67/La_caza_del_caco.gif/revision/latest?cb=20130514192426&path-prefix=es",
	"titulo":"Mortadelo y Filemon",
		"idcomic":"103",
	"fecha":"1961",
	"genero":"humor",
	"personaje":"ninguno",
	"empresa":"ole",
	"idioma":"español",
	"cultura":"europea",
	"sinopsis":"Este primitivo aspecto fue depurándose con el tiempo, adquiriendo pronto un aspecto similar al actual: Mortadelo mantendría su levita negra, pero desaparecerían el sombrero y el paraguas; mientras tanto Filemón fue reduciendo paulatinamente su nariz larga y aguileña y su indumentaria pasó a consistir en una pajarita negra, camisa blanca, pantalones rojos y, en ocasiones, chaqueta a juego. Se inician las historietas largas, que suelen tener 44 páginas y habitualmente están organizadas en episodios autoconclusivos de 4 caras que suelen narrar los sucesos de un día. La razón de esta estructura era que estos episodios serían publicados semanalmente; inicialmente en la revista Gran Pulgarcito y más tarde en la revista Mortadelo. El hilo argumental de las historietas sirve sólo como medio para estructurar los capítulos y como base para encadenar las situaciones cómicas. Aparte de la publicación serializada también eran publicadas de forma completa en la colección Olé.En esta nueva etapa de Mortadelo y Filemón, el humor no se basa tan sólo en el descubrimiento de un equívoco, sino que múltiples recursos humorísticos son empleados de forma continua: parodias, bromas visuales, humor absurdo, enredos, juegos de palabras, etc."
	}, 
	
	{
	"imagen":"http://seronoser.free.fr/bruguera/lasautenticas/85lossobrinetesbbl2.jpg",
	"titulo":"Mortadelo y Filemon",
		"idcomic":"104",
	"fecha":"1961",
	"genero":"humor",
	"personaje":"ninguno",
	"empresa":"ole",
	"idioma":"español",
	"cultura":"europea",
	"sinopsis":"Las historietas tienen otra característica propia de Ibáñez: el humor del fondo de cada viñeta. Al fondo de la viñeta, ajenos a la acción principal, hay diversos elementos humorísticos. Así por ejemplo, nos podemos encontrar con una araña disfrazada, un ratón persiguiendo a un gato, un tiesto del que en vez de una flor brota una berenjena, dos edificios besándose, una señal de prohibido aparcar camellos, un lápiz con un señor en la oreja, el sol con una bufanda, un señor con dos cabezas, etc. Uno de estos elementos se hizo muy conocido tras el 11-S: en una vista de Nueva York, en la que se ve una estatua de Francisco Ibáñez junto a la Estatua de la Libertad en el especial 35 aniversario, se pueden observar al fondo las Torres Gemelas, y hay un avión estrellado en una de ellas,11 dado que la historieta es de 1992 no se trata, obviamente, más que de una desafortunada coincidencia. Estos elementos dan un toque especial de humor a las viñetas, aunque el autor incluye cada vez menos elementos de este tipo, reservándolos para las portadas y escenas de mayor tamaño."
	}, 
	
	{
	"imagen":"http://static2.comicvine.com/uploads/scale_large/12/127426/2510767-ole035___el_caso_del_se_or_probeta___p_gina_1.jpg",
	"titulo":"Mortadelo y Filemon",
		"idcomic":"105",
	"fecha":"1961",
	"genero":"humor",
	"personaje":"ninguno",
	"empresa":"ole",
	"idioma":"español",
	"cultura":"europea",
	"sinopsis":"No hay una definición clara de los bienes de Mortadelo o Filemón, si bien, siempre pecan de no tener ni blanca y para desplazarse usan los más variopintos vehículos proporcionados por la T.I.A., lo cierto es que en algunas historietas, Filemón, Mortadelo o ambos poseen un coche o una moto, casi siempre nuevos y casi siempre lo terminan empotrando en algún árbol o rodando por un barranco.asa lo mismo con las casas, siempre viven en un 30 o 35 piso y si la destrozan de un bombazo, al día siguiente vuelven a tener alojamiento.Si bien los personajes nunca envejecen, se van adaptando a los tiempos, de este modo, historias de los años 70 - 80 reflejaban la tecnología de la época y en las historietas actuales, hablan en euros y utilizan móviles, aunque la esencia siempre es la misma.Los personajes siempre se hablan de usted, puede ser influencia directa de Sherlock Holmes y Watson, que ambos se hablan de usted aun siendo viejos conocidos.En ocasiones, aunque Mortadelo o Filemón caigan desde un 20º piso y destrocen el pavimento en la caída, tan sólo se hacen un chichón."
	}, 
	
	{
	"imagen":"http://static7.comicvine.com/uploads/scale_small/12/127426/2508332-16852862.jpg",
	"titulo":"Mortadelo y Filemon",
		"idcomic":"106",
	"fecha":"1961",
	"genero":"humor",
	"personaje":"ninguno",
	"empresa":"ole",
	"idioma":"español",
	"cultura":"europea",
	"sinopsis":"Como la mayoría de las aventuras termina en desastre, cuando no hay persecución suele verse a Mortadelo y Filemón huyendo por los lugares más inhóspitos y remotos del planeta (el desierto de Gobi, el del Sahara, los altos del Golán, las islas Columbretes, la isla de Pascua, la Antártida, etc.) mientras a su lado, un diario da cuenta del desaguisado de turno, al tiempo que advierte que el Súper está buscando a la pareja por un lugar completamente distinto. Variantes de este final pueden verse con Mortadelo leyendo el periódico o escuchando un parte radiofónico.Mortadelo y Filemón suelen atrapar al malo de turno porque ellos, creyendo que es una persona normal, le dan un golpe sin querer (a veces se llevan el mérito otros agentes).Cuando Bacterio prueba un invento con alguien acaba habiendo huida, persecucción, pelea o muerte (esta última de quien lo ha probado).Cuando Mortadelo y Filemón intentan acabar con algún criminal a escondidas, éste no se lleva ni un rasguño y Mortadelo o Filemón o ambos se llevan todos los palos, mientras que si se trata de proteger a alguien, lo matan lentamente hasta dejarlo gravemente herido o en otros casos chalado, y por ende éste prefiere ir al infierno que estar con esos dos agentes.La interjección más utilizada, quizá el 95% de los casos es ¡rayos!"
	}, 
	
	{
	"imagen":"http://vignette1.wikia.nocookie.net/mortadelo-y-filemn/images/8/8e/El_UVA.gif/revision/latest?cb=20130519120636&path-prefix=es",
	"titulo":"Mortadelo y Filemon",
		"idcomic":"107",
	"fecha":"1961",
	"genero":"humor",
	"personaje":"ninguno",
	"empresa":"ole",
	"idioma":"español",
	"cultura":"europea",
	"sinopsis":"La T.I.A. tiene entradas secretas en los más recónditos lugares, como pueda ser una simple señal de tráfico o un cartel publicitario de un circo, hasta el círculo del sol que se ve desde la Tierra, pero solo los agentes saben cómo entrar, siendo trampas para el resto de viandantes.Como la mayoría de las aventuras termina en desastre, cuando no hay persecución suele verse a Mortadelo y Filemón huyendo por los lugares más inhóspitos y remotos del planeta (el desierto de Gobi, el del Sahara, los altos del Golán, las islas Columbretes, la isla de Pascua, la Antártida, etc.) mientras a su lado, un diario da cuenta del desaguisado de turno, al tiempo que advierte que el Súper está buscando a la pareja por un lugar completamente distinto. Variantes de este final pueden verse con Mortadelo leyendo el periódico o escuchando un parte radiofónico."
	}, 

	{
	"imagen":"https://bbltk.com/imagenes/portadas/internal/1189003.jpg",
	"titulo":"Mortadelo y Filemon",
		"idcomic":"108",
	"fecha":"1961",
	"genero":"humor",
	"personaje":"ninguno",
	"empresa":"ole",
	"idioma":"español",
	"cultura":"europea",
	"sinopsis":"Mortadelo y Filemón siempre huyen cuando el Súper les quiere hacer probar un invento del profesor Bacterio. A Filemón no le gusta que Mortadelo se esté probando disfraces a todas horas. Bacterio suele probar cada uno de sus nuevos inventos para la salud e índole personal entre alguno de los miembros de la empresa, como trabajadoras, secretarias (Ofelia en mayor medida) y otros agentes, con funestos resultados. Mortadelo y Filemón intentan ligar con Irma sin mucho éxito, teniendo Mortadelo algo más de suerte. En las primeras historietas cortas, Filemón está siempre gritando y dando órdenes a Mortadelo. Las siglas de las agencias criminales siempre forman acrónimos como A.B.U.E.L.A. o S.O.B.R.I.N.A."
	},
	
	{
	"imagen":"http://mortadelo-filemon.es/images/photos/Portadas/Mortadelo/Mortadelo_Extra_Bruguera/Extra_1977-78_Navidad.jpg",
	"titulo":"Mortadelo y Filemon",
		"idcomic":"109",
	"fecha":"1961",
	"genero":"humor",
	"personaje":"ninguno",
	"empresa":"ole",
	"idioma":"español",
	"cultura":"europea",
	"sinopsis":"Ofelia se intenta poner guapa y coqueta, pero Mortadelo y Filemón acaban estropeándole el día. Ofelia anda detrás de Mortadelo (y en menor grado, de Filemón), tirándole los tejos y soñando en ser correspondida.Bacterio suele fracasar en sus inventos, obteniendo como resultado cosas inesperadas (en ocasiones justo lo contrario para lo que fue creado el invento). A veces, el invento funciona exactamente como se esperaba, pero lo hace en situaciones delicadas para Mortadelo y Filemón, los cuales acaban sufriendo la inoportunidad. El Súper suele perseguir a Mortadelo y Filemón cuando éstos fracasan en una misión, cuando se mofan de él o cuando le ignoran al explicarles los detalles de una misión."
	},
	
	{
	"imagen":"http://images.wikia.com/mortadelo/es/images/c/cc/A_reciclar_se_ha_dicho.jpg",
	"titulo":"http://static4.comicvine.com/uploads/scale_large/12/127426/2504702-ole013___los__ngeles__84___p_gina_1.jpg",
		"idcomic":"110",
	"fecha":"1961",
	"genero":"humor",
	"personaje":"ninguno",
	"empresa":"ole",
	"idioma":"español",
	"cultura":"europea",
	"sinopsis":"A Mortadelo y Filemón siempre se les asignan las misiones más peligrosas, por lo que tratan de evadirse de las formas más singulares, aunque siempre son atrapados por otros agentes (muchas veces son capturados en otros países o incluso en otros planetas). Mortadelo siempre suele meter la pata y por su culpa Filemón se lleva todos los golpes (en ocasiones reciben los dos). Filemón suele montar en cólera con Mortadelo y lo persigue con algún tipo de arma u objeto arrojadizo mientras Mortadelo escapa disfrazado, normalmente de animal (insecto, reptil, ave, gato, etc). Sin embargo a veces es Mortadelo quien acaba persiguiendo a Filemón. El Súper normalmente suele recibir golpes por culpa de las desastrosas actuaciones de Mortadelo y Filemón. El Súper trata de un modo despótico a sus agentes."
	},
	
	{
	"imagen":"http://cloud10.todocoleccion.online/tebeos-bruguera/tc/2009/11/26/16098442.jpg",
	"titulo":"Mortadelo y Filemon",
		"idcomic":"111",
	"fecha":"1961",
	"genero":"humor",
	"personaje":"ninguno",
	"empresa":"ole",
	"idioma":"español",
	"cultura":"europea",
	"sinopsis":"Los personajes recurrentes de la serie son sus dos protagonistas, Mortadelo y Filemón, que son los que le dan nombre, y otros miembros de la T.I.A. (Técnicos de Investigación Aeroterráquea), como El Súper, su malhumorado jefe; la oronda secretaria de éste, de nombre Ofelia y el desastroso científico de la organización, el profesor Bacterio y su gatoHidrocarburo. Pueden destacarse, de todos modos, otra serie de personajes con mucha menos tradición, incluyendo la peculiar galería de villanos. Durante unos episodios apareció Irma , que es la antítesis de Ofelia: cara bonita y cuerpo voluptuoso, siendo el pelo rubio el único punto en común con la secretaria del Súper. En algunos episodios aparecen otras creaciones de Ibáñez como Rompetechos (el más común entre el resto), Pepe Gotera y Otilio , o 13, rue del Percebe."
	}
]