[	
	{
	"imagen":"http://static.batanga.com/sites/default/files/styles/full/public/comics.batanga.com/files/15-A%C3%B1os-de-Naruto!-22.jpg",
	"titulo":"NARUTO",
		"idcomic":"112",
	"fecha":"1985",
	"genero":"aventura",
	"personaje":"Naruto",
	"empresa":"shueisha",
	"idioma":"japonés",
	"cultura":"japonesa",
	"sinopsis":"(NARUTO—ナルト—? romanizado NARUTO) es una serie de manga escrita e ilustrada por Masashi Kishimoto cuya adaptación al anime es dirigida por Hayato Date. La obra narra la historia de un ninja adolescente hiperactivo llamado Naruto Uzumaki, quien aspira a convertirse en Hokage, con el propósito de ser reconocido como alguien importante dentro de su aldea. La serie está basada en un one-shot que Kishimoto realizó en agosto de 1996 para la revista Akamaru Jump.6 A partir de noviembre de 1999, Naruto es publicado por la editorial Shūeisha en la revista semanal japonesa Shōnen Jump,7 siendo recopilado desde entonces en setenta y dos volúmenes. El éxito del manga hizo que su trama fuera adaptada a un anime producido por Pierrot y distribuido por Aniplex, el cual fue transmitido por la cadena televisiva TV Tokyo el 3 de octubre de 2002. La primera temporada duró 220 episodios, y poco después se creó una secuela, Naruto: Shippūden, cuya emisión empezó el 15 de febrero de 2007. Además, Pierrot ha producido nueve películas basadas en la serie, tanto de la primera como la segunda temporada, así como varias animaciones originales. Otras piezas de merchandising incluyen un conjunto de novelas ligeras, artbooks, videojuegos y cromos de colección desarrollados por distintas empresas. El 6 de octubre de 2014, a falta de tan solo cinco publicaciones, se anunció el final para el manga, que concluyó el 10 de noviembre de 2014.1 2 3"
	},
	
	{
	"imagen":"https://s-media-cache-ak0.pinimg.com/564x/41/2a/2f/412a2f45c308f044e488226f5e92daf8.jpg",
	"titulo":"NARUTO",
		"idcomic":"113",
	"fecha":"1985",
	"genero":"aventura",
	"personaje":"Naruto",
	"empresa":"shueisha",
	"idioma":"japonés",
	"cultura":"japonesa",
	"sinopsis":"Tanto el manga como el anime han llegado a una distribución notable en otros países: el manga se publica en más de treinta y cinco países8 y el anime se transmite en más de sesenta.9 10 11 Las versiones en español son publicadas por la editorial Ediciones Glénat en España,12 Larp Editores en Argentina,13 y Grupo Editorial Vid en México y el resto de Hispanoamérica.14 En la actualidad y tras el cierre de Glenat en España, la distribución del manga pasó a ser por parte de Planeta deAgostini Cómics.15 Mientras que VIZ Media se encarga de la distribución en inglés, donde se ha convertido en una de las publicaciones más exitosas de la compañía. El retraso que conllevan la traducción y adaptación ha fomentado su distribución por Internet (mediante scanlation y fansub) al poco tiempo de aparecer en Japón,16 con lo que la obra resulta difundida mucho antes de que sea traducida oficialmente en otros países."
	}, 
	
	{
	"imagen":"http://static.batanga.com/sites/default/files/styles/full/public/comics.batanga.com/files/15-A%C3%B1os-de-Naruto!-45.jpg",
	"titulo":"NARUTO",
		"idcomic":"114",
	"fecha":"1985",
	"genero":"aventura",
	"personaje":"Naruto",
	"empresa":"shueisha",
	"idioma":"japonés",
	"cultura":"japonesa",
	"sinopsis":"Hasta el volumen 72, en octubre de 2015 Naruto ha vendido alrededor de 225 millones de copias impresas en todo el mundo, con más de 136 millones de copias en Japón y 85 millones en otros 35 países, por lo que es la cuarta serie de manga más vendida de la historia.8 Igualmente, la adaptación inglesa apareció en la lista de los mejores libros de todos los tiempos del periódico USA Today (el volumen 11 ganó los Premios Quill en 2006).17 Naruto fue también el tercer manga más vendido en 2007 de Shūeisha, superado únicamente por One Piece y Nana,18 mientras que desde el 2008 hasta el 2011 fue el segundo manga más vendido en Japón, sólo superado por One Piece en todos esos años, y en 2012 repitió como tercer manga más vendido del año solo por detrás de One Piece y Kuroko no Basket en el primer y segundo lugar respectivamente.19 En el ranking de los mejores 100 animes de 2006 de TV Asahi (según una encuesta japonesa online), Naruto alcanzó el decimoséptimo puesto.20"
	}, 
	
	{
	"imagen":"http://static.batanga.com/sites/default/files/styles/full/public/comics.batanga.com/files/15-A%C3%B1os-de-Naruto!-74.jpg",
	"titulo":"NARUTO",
		"idcomic":"115",
	"fecha":"1985",
	"genero":"aventura",
	"personaje":"Naruto",
	"empresa":"shueisha",
	"idioma":"japonés",
	"cultura":"japonesa",
	"sinopsis":"La serie comienza con la ejecución de Gol D. Roger, un hombre conocido como el Rey de los Piratas (海賊王 Kaizokuō?). Poco antes de su muerte, Roger hace mención a su gran tesoro legendario, el «One Piece» (ワンピース『ひとつなぎの大秘宝』 Wan Pīsu?), y a que puede ser tomado por todo aquél que lo desee. Esto marca el inicio de una era conocida como la Gran Era Pirata (大海賊時代 Daikaizokujidai?). Como resultado, un sinnúmero de piratas zarparon hacia Grand Line con el objetivo de encontrarlo.6 Diez años después de la muerte de Roger, un joven llamado Monkey D. Luffy, inspirado por la admiración que desde su infancia le tiene al poderoso pirata Shanks «el Pelirrojo»,6 comienza su aventura desde su hogar en el East Blue para encontrar el One Piece y autoproclamarse como el nuevo Rey de los Piratas. Con el fin de crear y convertirse en el capitán de una tripulación propia, el muchacho funda la banda de los Sombreros de Paja (麦わら海賊団篇 Mugiwara Kaizoku-dan?), siendo el espadachín Roronoa Zoro el primer nakamaNota 1 7 que Luffy rescata y alista,6 lo que permite que ambos continúen emprendiendo su viaje hacia el tesoro. Poco después, Nami, una navegante ladrona,8 Usopp, un francotirador mentiroso,9 y Sanji, un cocinero mujeriego se les únen en sus travesías,10 además de conseguir un barco llamado Going Merry. En sus viajes, la tripulación se enfrenta a varios enemigos poderosos como Buggy el Payaso,11 el capitán Kuro12 y Don Krieg.13 Después, el protagonista combate contra el temible gyojin Arlong,14 antiguo tripulante de los Piratas del Sol, quien piensa que los humanos son inferiores a los individuos de su propia especie. El capitán de los Sombreros de Paja logra derrotarlo y Nami es aceptada oficialmente como uno de sus nakamas, además de que la Marina pone precio a la cabeza de éste.14 El grupo logra arribar a Loguetown, un pueblo porteño, y Luffy conoce a un oficial de la Marina llamado Smoker, el cual posee la habilidad de transformarse en humo, y logra capturarlo, pero es detenido por Monkey D. Dragon, el padre de Luffy, aunque él no lo reconoce.1"
	}, 
	
	{
	"imagen":"https://s-media-cache-ak0.pinimg.com/564x/59/a6/80/59a680e1809e7d108a1f77a24bd201b3.jpg",
	"titulo":"NARUTO",
		"idcomic":"116",
	"fecha":"1985",
	"genero":"aventura",
	"personaje":"Naruto",
	"empresa":"shueisha",
	"idioma":"japonés",
	"cultura":"japonesa",
	"sinopsis":"manga japones y con un total de 20 comics"
	}, 
	
	{
	"imagen":"http://static.batanga.com/sites/default/files/styles/full/public/comics.batanga.com/files/15-A%C3%B1os-de-Naruto!-49.jpg",
	"titulo":"NARUTO",
		"idcomic":"117",
	"fecha":"1985",
	"genero":"aventura",
	"personaje":"Naruto",
	"empresa":"shueisha",
	"idioma":"japonés",
	"cultura":"japonesa",
	"sinopsis":"Después de llegar finalmente a Grand Line, el grupo conoce a Nefeltari Vivi, una princesa que desea salvar su país, el Reino de Alabasta, de manos de una peligrosa organización criminal llamada Baroque Works.16 Durante su trayecto hacia Alabasta, los piratas encabezan una revuelta la isla de Drum, donde los Sombreros de Paja invitan a un reno antropomórfico médico llamado Tony Tony Chopper a unírseles al grupo, y éste acepta.17 El Jolly Roger de los Piratas Sombrero de Paja Una vez que la tripulación llega hasta Alabasta, comienzan una serie de batallas contra los Baroque Works y su líder, el Shichibukai Sir Crocodile. Luffy finalmente derrota a Crocodile y libera Alabasta. Inmediatamente después, Nico Robin, una arqueóloga que antes pertenecía a Baroque Works, se une a la tripulación. Asimismo, conocen a «Barbanegra», alias de Marshal D. Teach, quien también aspira a convertirse en el Rey de los Piratas. La tripulación viaja hasta una isla flotante llamada Skypea, donde, sin querer, se unen a una guerra incipiente entre dos tribus habitantes de dicho lugar, lo que los lleva a enfrentarse al líder de la isla, Enel, quién posee el poder de crear relámpagos y electricidad. "
	}, 
	
	{
	"imagen":"http://static.batanga.com/sites/default/files/styles/full/public/comics.batanga.com/files/15-A%C3%B1os-de-Naruto!-66.jpg",
	"titulo":"NARUTO",
		"idcomic":"118",
	"fecha":"1985",
	"genero":"aventura",
	"personaje":"Naruto",
	"empresa":"shueisha",
	"idioma":"japonés",
	"cultura":"japonesa",
	"sinopsis":"Luffy logra derrotarlo y, con ello, termina la guerra. Un almirante de la Marina llamado Aokiji se les aparece y les dice que Robin ha estado involucrada en la búsqueda de unas piedras arcaicas llamadas «Poneglyphs», las cuales fueron creadas por una antigua civilización en las que se encuentra encriptada la historia que el Gobierno Mundial borró del mundo hace más de 100 años. Los Sombreros de Paja llegan a Water 7, donde conocen a un cyborg llamado Franky que se dedica a construir barcos; ahí mismo, se les informa de que el Going Merry está dañado y no es posible repararlo, lo que causa que Usopp renuncie temporalmente a la tripulación. Sin embargo, el Cipher Pol No. 9, la agencia de inteligencia del Gobierno Mundial, captura a Robin y Franky con el fin de que ellos les revelen información respecto al uso de los Poneglyphs y las armas antiguas que estas puedan contener. Franky logra librarse del Gobierno al quemar los planos que contenían los diseños de una de dichas armas, y se une a los Sombreros de Paja para declarle la guerra al propio Gobierno, lo que resulta en una serie de peleas entrelos piratas y los CP9. Al terminar la batalla final contra los agentes, la tripulación logra rescatar a Robin. Asimismo, Franky construye una nueva embarcación, llamada el Thousand Sunny, con el fin de remplazar al perdido Going Merry, y con ello, se une finalmente a los Sombreros de Paja. Después de esto, los piratas se encuentran con un barco fantasma, donde conocen a Brook, un músico esquelético que fue revivido con una Fruta del Diablo, y además, a quien Gecko Moriah, otro Shichibukai y capitán del gigantesco barco pirata Thriller Bark, le robó su sombra. Una vez que los piratas derrotan a Moriah, Brook se les une."
	}, 
	
	{
	"imagen":"http://static.batanga.com/sites/default/files/styles/full/public/comics.batanga.com/files/15-A%C3%B1os-de-Naruto!-64.jpg",
	"titulo":"NARUTO",
		"idcomic":"119",
	"fecha":"1985",
	"genero":"aventura",
	"personaje":"Naruto",
	"empresa":"shueisha",
	"idioma":"japonés",
	"cultura":"japonesa",
	"sinopsis":"Mientras están ahí, ellos se hacen amigos de Silvers Rayleigh, el ex vice capitán de la tripulación de los piratas de Roger, y le piden que recubra su barco para que puedan atravesar Red Line por medio del subsuelo oceánico. Allí, los Sombreros de Paja se ven involucrados en una revuelta causada por un tenryūbito; para terminar con el alboroto, uno de los Shichibukai, Bartholomew Kuma, un cyborg controlado por la Marina, los separa, enviándolos a diferentes lugares mediante sus poderes. Mientras tanto, Luffy llega a una isla afrodisíaca llamada Amazon Lily, donde únicamente habitan mujeres. Una vez que el muchacho se entera de que Portgas D. Ace, el famoso hijo de Gol D. Roger y hermano adoptivo suyo, se encuentra prisionero en Impel Down, Luffy emprende un viaje para liberarlo, logrando de paso soltar a otros prisioneros, como al gyojin Jimbei y viejos enemigos. Sin embargo, el protagonista se da cuenta de que su hermano ahora está en Marineford para ser ejecutado por soldados de la Marina. En cuanto él llega, una guerra estalla entre las fuerzas de la Marina y la tripulación del renombrado Edward Newgate, mundialmente conocido como «Barbablanca». En medio del caos y del clímax de la batalla, desgraciadamente Ace y Barbablanca son asesinados. Poco después, se revela que a petición de Rayleigh, Luffy y sus nakamas tienen que pasar por un intenso régimen de entrenamiento, estando algunos de ellos bajo la supervisión de personajes importantes."
	}, 
	
	{
	"imagen":"http://vignette2.wikia.nocookie.net/naruto/images/4/49/Naruto_Portada_Volumen_10.png/revision/latest?cb=20140415211204&path-prefix=es",
	"titulo":"NARUTO",
		"idcomic":"120",
	"fecha":"1985",
	"genero":"aventura",
	"personaje":"Naruto",
	"empresa":"shueisha",
	"idioma":"japonés",
	"cultura":"japonesa",
	"sinopsis":"El manga y el anime de One Piece es una de las obras manga japonesas más largas de la historia. Es por ello que el autor decidió dividir el argumento en dos porciones: Mar de la supervivencia: Saga de los Supernovas y El mar final: Saga del Nuevo Mundo. Estas dos partes se dividen a la vez en diferentes sagas que agrupan diferentes arcos de la historia (27 hasta ahora), además de arcos de relleno (12 hasta ahora). En la primera parte de la historia (Mar de la supervivencia: Saga de los Supernovas), encontramos seis sagas diferentes, con sus respectivos arcos de historia y de relleno que nos cuentan el inicio de la banda de los Sombrero de Paja y de su capitán: Monkey D. Luffy y todas sus aventuras a través del East Blue y de Grand Line hasta después de la guerra de Marineford."
	}, 

	{
	"imagen":"http://www.edicioncoleccionista.com/wp-content/uploads/2016/03/Novedades-de-Abril-de-Planeta-C%C3%B3mic-Naruto-72.jpg",
	"titulo":"NARUTO",
		"idcomic":"121",
	"fecha":"1985",
	"genero":"aventura",
	"personaje":"Naruto",
	"empresa":"shueisha",
	"idioma":"japonés",
	"cultura":"japonesa",
	"sinopsis":"La historia de One Piece cuenta las aventuras de una tripulación de piratas que se embarcan para encontrar un tesoro denominado el One Piece. Si bien la mayoría de los personajes son navegantes, estos se distinguen de la Marina, que es una organización encargada de controlar y mantener apaciguados a los piratas que causan estragos en islas, pueblos y ciudades neutrales; sin embargo, en la serie se muestra que el Gobierno Mundial, la organización que administra a la Marina, se encuentra bajo cargos de corrupción y manipulación. Asimismo, la serie incluye a diversos personajes que poseen diferentes habilidades y poderes. El mundo de One Piece está habitado por seres humanos, incluidos diversos tipos de razas exóticas como los «gyojin» o tritones —humanoides híbridos que tienen apariencia de pescado—, gigantes y animales ficticios. Recientemente se conoció una nueva raza: los Mink animales antropomórficos compuestos solo de animales con pelaje, todos son grandes guerreros sin excepción, poseen también un fuerte sentido de lealtad y una habilidad llamada Electro que les permite lanzar una especie de descarga. Parte de los personajes que aparecen están basados en algunos celebres piratas de la vida real. 18"
	},

	{
	"imagen":"http://media.animevice.com/uploads/1/14080/639533-64.jpg",
	"titulo":"NARUTO",
		"idcomic":"122",
	"fecha":"1985",
	"genero":"aventura",
	"personaje":"Naruto",
	"empresa":"shueisha",
	"idioma":"japonés",
	"cultura":"japonesa",
	"sinopsis":"Geográficamente está cubierto por dos vastos océanos que están divididos por una conglomeración masiva de montañas, que reciben el nombre de la Red Line (赤い土の大陸（レッドライン） Reddo Rain?).19 Asimismo, la Grand Line (グランドライン(偉大なる航路) Gurando Rain?), es un océano que fluye perpendicular a la Red Line, lo que permite que el mundo esté dividido en cuatro secciones principales: el North Blue (ノースブルー(北の海) Nōsu Burū?), el East Blue (イーストブルー(東の海) Īsuto Burū?), el West Blue (ウェストブルー(西の海) Uesuto Burū?) y el South Blue (サウスブルー(南の海) Sausu Burū?).20 Unos cuerpos de agua gigantes denominados como los Calm Belts (凪の帯（カームベルト） kāmu beruto?), circulan de manera paralela a la Grand Line, algo similar a lo que ocurre con las latitudes de caballo; la razón por la que se llaman así, es porque no presentan ningún fenómeno meteorológico, tal como viento o lluvia haciendo casi imposible transitarlos y por ende, llegar a la Gran Line a través de ellos, debido principalmente a que en sus aguas viven de manera natural unos monstruos gigantescos llamados «reyes marinos» (海王類 kaiōrui?).21 "
	},
	
	{
	"imagen":"https://darknaruto.files.wordpress.com/2007/03/27-234-244.jpg",
	"titulo":"NARUTO",
		"idcomic":"123",
	"fecha":"1985",
	"genero":"aventura",
	"personaje":"Naruto",
	"empresa":"shueisha",
	"idioma":"japonés",
	"cultura":"japonesa",
	"sinopsis":"Las corrientes y el clima de la Grand Line por lo general son extremadamente impredecibles, aunque las islas que la circundan igualmente tienen influencia en el clima de la zona.25 Los campos magnéticos de la Grand Line causan que las brújulas convencionales no funcionen, por lo que la navegación resulta ser más complicada de lo normal;26 en su lugar, se debe utilizar una brújula especial llamada Log Pose (ログポース Rogu Pōsu?).27 El Log Pose funciona de la siguiente manera: esta localiza un punto magnético de alguna isla, y una vez en ella, esta guarda e indica la señal magnética de la siguiente isla más próxima en un lapso de tiempo variable. Sin embargo, los únicos barcos capaces de pasar por ellos son los de la Marina, pues están recubiertos de un material especial que consiste en piedras del fondo marino (海楼石 kairōseki?), un mineral especial que emite la misma energía que el mar, lo que les permite encubrir su presencia, permitiendo que los reyes marinos los ignoren por completo.,22 Sin embargo, la vía más utilizada para llegar al Grand Line es mediante un sistema de canales que conecta los cuatro mares, cuyo caudal converge en la punta de la Reverse Mountain (リヴァース・マウンテン Rivāsu Maunten?), confluyendo en un quinto canal, desembocando en la primera mitad de la Grand Line. Esto se debe a que la montaña en cuestión se localiza en una de las dos intersecciones entre la Grand Line y la Red Line.23 La otra mitad de la Grand Line, que se encuentra después de la segunda intersección, se le conoce por el nombre del «Nuevo Mundo» (新世界 Shin Sekai?).24"
	}
]