[
{
	"imagen":"http://www.zonanegativa.com/imagenes/2013/03/detective-comics_18_portada.jpg",
	"titulo":"BATMAN",
		"idcomic":"25",
	"fecha":"1988",
	"genero":"aventura",
	"personaje":"batman",
	"empresa":"DC COMICS",
	"idioma":"inglés",
	"cultura":"americana",
	"sinopsis":"Las primeras historias que aparecen en el cómic Batman fueron escritas por Bill Finger y Bob Kane, aunque años después no se acreditó a Finger cómo el co-creador de Batman. Las primeras historias presentan a un Batman vengativo, que no dudara en asesinar cuándo alguien se interponga en su camino. En las primeras publicaciones se presentaba a Batman con una pistola, que usaba para asesinar a pandilleros. Más tarde se presenta a su primer enemigo un psicópata que se hace llamar El Joker que usa una sustancia tóxica para mutilar a sus víctimas y al mismo tiempo dejarles una grotesca sonrisa, actualmente sigue siendo el enemigo de Batman. El creador del Joker Jerry Robinson pidió que el personaje no se saliera con la suya, durante muchos años el Joker ha sido un asesino a sangre fría. Más tarde, durante la Edad de Plata de Batman, este supervillano fue cambiado a un maniaco multihomicida. Por lo general, los principales desafíos a los que se enfrenta Batman en esta época se derivaron de villanos que eran demasiado malignos, sin embargo, por la década de 1970, las motivaciones de los personajes, incluyendo compulsión obsesiva, el abuso infantil y el fanatismo del medio ambiente, se empezó a estudiar más a a fondo. Batman también experimentó una transformación y se convirtió en un personaje mucho menos unidimensional, luchando con muchos conflictos internos. Aunque no es canónico, Frank Miller, introdujo The Dark Knight Returns que contenía una importante evolución del carácter del Batman en la serie del mismo nombre, se convirtió inflexible e implacable en su lucha por revitalizar Gotham. Batman a menudo tiene un comportamiento que la elite de Gotham ha etiquetado como excesivamente violento, así como tendencias antisociales."
	},
	
	{
	"imagen":"http://blogdesuperheroes.es/wp-content/plugins/BdSGallery/BdSGaleria/9470.jpg",
	"titulo":"BATMAN",
		"idcomic":"26",
	"fecha":"1988",
	"genero":"aventura",
	"personaje":"batman",
	"empresa":"DC COMICS",
	"idioma":"inglés",
	"cultura":"americana",
	"sinopsis":"Batman es una serie de cómics con el héroe homónimo de DC Comics. El personaje apareció por primera vez en Detective Comics #27, publicado en mayo de 1939. Batman resultó ser tan popular que una serie homónima empezó a relizárse y el cómic publicó su primer número en la primavera de 1940. Lo habían anunciado primero a principios de abril de 1940, un mes después de la primera apareció su nuevo compañero, Robin el Chico Maravilla. Aunque la historieta de Batman fue lanzada inicialmente como una publicación trimestral, más tarde se convirtió en una serie bi-mensual a través de la década de 1950, tras lo cual se convirtió en una publicación mensual y ha permanecido así desde entonces. La serie original terminó en 2011 y fue relanzada con un nuevo primer número en el mismo año."
	}, 
	
	{
	"imagen":"http://www.tunohastenidoinfancia.com/wp-content/uploads/2012/01/silencio.jpg",
	"titulo":"BATMAN",
		"idcomic":"27",
	"fecha":"1988",
	"genero":"aventura",
	"personaje":"batman",
	"empresa":"DC COMICS",
	"idioma":"inglés",
	"cultura":"americana",
	"sinopsis":"Las primeras historias que aparecen en el cómic Batman fueron escritas por Bill Finger y Bob Kane, aunque años después no se acreditó a Finger cómo el co-creador de Batman. Las primeras historias presentan a un Batman vengativo, que no dudara en asesinar cuándo alguien se interponga en su camino. En las primeras publicaciones se presentaba a Batman con una pistola, que usaba para asesinar a pandilleros. Más tarde se presenta a su primer enemigo un psicópata que se hace llamar El Joker que usa una sustancia tóxica para mutilar a sus víctimas y al mismo tiempo dejarles una grotesca sonrisa, actualmente sigue siendo el enemigo de Batman. El creador del Joker Jerry Robinson pidió que el personaje no se saliera con la suya, durante muchos años el Joker ha sido un asesino a sangre fría. Más tarde, durante la Edad de Plata de Batman, este supervillano fue cambiado a un maniaco multihomicida. Por lo general, los principales desafíos a los que se enfrenta Batman en esta época se derivaron de villanos que eran demasiado malignos, sin embargo, por la década de 1970, las motivaciones de los personajes, incluyendo compulsión obsesiva, el abuso infantil y el fanatismo del medio ambiente, se empezó a estudiar más a a fondo. Batman también experimentó una transformación y se convirtió en un personaje mucho menos unidimensional, luchando con muchos conflictos internos. Aunque no es canónico, Frank Miller, introdujo The Dark Knight Returns que contenía una importante evolución del carácter del Batman en la serie del mismo nombre, se convirtió inflexible e implacable en su lucha por revitalizar Gotham. Batman a menudo tiene un comportamiento que la elite de Gotham ha etiquetado como excesivamente violento, así como tendencias antisociales."
	}, 
	
	{
	"imagen":"http://4.bp.blogspot.com/_U1sNSxy9T0E/TBWuVRqzQRI/AAAAAAAAGIE/Z7FWWYmKGuU/s1600/Batman700-001.jpg",
	"titulo":"BATMAN",
		"idcomic":"28",
	"fecha":"1988",
	"genero":"aventura",
	"personaje":"batman",
	"empresa":"DC COMICS",
	"idioma":"inglés",
	"cultura":"americana",
	"sinopsis":"manga japones y con un total de 20 comics"
	}, 
	
	{
	"imagen":"http://www.cinepremiere.com.mx/assets/images/noticias/2014/06-junio/DETECTIVE-COMICS-27.jpg",
	"titulo":"BATMAN",
		"idcomic":"29",
	"fecha":"1988",
	"genero":"aventura",
	"personaje":"batman",
	"empresa":"DC COMICS",
	"idioma":"inglés",
	"cultura":"americana",
	"sinopsis":"Las primeras historias que aparecen en el cómic Batman fueron escritas por Bill Finger y Bob Kane, aunque años después no se acreditó a Finger cómo el co-creador de Batman. Las primeras historias presentan a un Batman vengativo, que no dudara en asesinar cuándo alguien se interponga en su camino. En las primeras publicaciones se presentaba a Batman con una pistola, que usaba para asesinar a pandilleros. Más tarde se presenta a su primer enemigo un psicópata que se hace llamar El Joker que usa una sustancia tóxica para mutilar a sus víctimas y al mismo tiempo dejarles una grotesca sonrisa, actualmente sigue siendo el enemigo de Batman. El creador del Joker Jerry Robinson pidió que el personaje no se saliera con la suya, durante muchos años el Joker ha sido un asesino a sangre fría. Más tarde, durante la Edad de Plata de Batman, este supervillano fue cambiado a un maniaco multihomicida. Por lo general, los principales desafíos a los que se enfrenta Batman en esta época se derivaron de villanos que eran demasiado malignos, sin embargo, por la década de 1970, las motivaciones de los personajes, incluyendo compulsión obsesiva, el abuso infantil y el fanatismo del medio ambiente, se empezó a estudiar más a a fondo. Batman también experimentó una transformación y se convirtió en un personaje mucho menos unidimensional, luchando con muchos conflictos internos. Aunque no es canónico, Frank Miller, introdujo The Dark Knight Returns que contenía una importante evolución del carácter del Batman en la serie del mismo nombre, se convirtió inflexible e implacable en su lucha por revitalizar Gotham. Batman a menudo tiene un comportamiento que la elite de Gotham ha etiquetado como excesivamente violento, así como tendencias antisociales."
	}, 
	
	{
	"imagen":"https://hablandodecomics.files.wordpress.com/2012/02/portada-90-batman-648.jpg",
	"titulo":"BATMAN",
		"idcomic":"30",
	"fecha":"1988",
	"genero":"aventura",
	"personaje":"batman",
	"empresa":"DC COMICS",
	"idioma":"inglés",
	"cultura":"americana",
	"sinopsis":"Las primeras historias que aparecen en el cómic Batman fueron escritas por Bill Finger y Bob Kane, aunque años después no se acreditó a Finger cómo el co-creador de Batman. Las primeras historias presentan a un Batman vengativo, que no dudara en asesinar cuándo alguien se interponga en su camino. En las primeras publicaciones se presentaba a Batman con una pistola, que usaba para asesinar a pandilleros. Más tarde se presenta a su primer enemigo un psicópata que se hace llamar El Joker que usa una sustancia tóxica para mutilar a sus víctimas y al mismo tiempo dejarles una grotesca sonrisa, actualmente sigue siendo el enemigo de Batman. El creador del Joker Jerry Robinson pidió que el personaje no se saliera con la suya, durante muchos años el Joker ha sido un asesino a sangre fría. Más tarde, durante la Edad de Plata de Batman, este supervillano fue cambiado a un maniaco multihomicida. Por lo general, los principales desafíos a los que se enfrenta Batman en esta época se derivaron de villanos que eran demasiado malignos, sin embargo, por la década de 1970, las motivaciones de los personajes, incluyendo compulsión obsesiva, el abuso infantil y el fanatismo del medio ambiente, se empezó a estudiar más a a fondo. Batman también experimentó una transformación y se convirtió en un personaje mucho menos unidimensional, luchando con muchos conflictos internos. Aunque no es canónico, Frank Miller, introdujo The Dark Knight Returns que contenía una importante evolución del carácter del Batman en la serie del mismo nombre, se convirtió inflexible e implacable en su lucha por revitalizar Gotham. Batman a menudo tiene un comportamiento que la elite de Gotham ha etiquetado como excesivamente violento, así como tendencias antisociales."
	}, 
	
	{
	"imagen":"https://teenagethunder.files.wordpress.com/2013/09/batman-66-main-3-cover-final3-6a968.jpg",
	"titulo":"BATMAN",
		"idcomic":"31",
	"fecha":"1988",
	"genero":"aventura",
	"personaje":"batman",
	"empresa":"DC COMICS",
	"idioma":"inglés",
	"cultura":"americana",
	"sinopsis":"Las primeras historias que aparecen en el cómic Batman fueron escritas por Bill Finger y Bob Kane, aunque años después no se acreditó a Finger cómo el co-creador de Batman. Las primeras historias presentan a un Batman vengativo, que no dudara en asesinar cuándo alguien se interponga en su camino. En las primeras publicaciones se presentaba a Batman con una pistola, que usaba para asesinar a pandilleros. Más tarde se presenta a su primer enemigo un psicópata que se hace llamar El Joker que usa una sustancia tóxica para mutilar a sus víctimas y al mismo tiempo dejarles una grotesca sonrisa, actualmente sigue siendo el enemigo de Batman. El creador del Joker Jerry Robinson pidió que el personaje no se saliera con la suya, durante muchos años el Joker ha sido un asesino a sangre fría. Más tarde, durante la Edad de Plata de Batman, este supervillano fue cambiado a un maniaco multihomicida. Por lo general, los principales desafíos a los que se enfrenta Batman en esta época se derivaron de villanos que eran demasiado malignos, sin embargo, por la década de 1970, las motivaciones de los personajes, incluyendo compulsión obsesiva, el abuso infantil y el fanatismo del medio ambiente, se empezó a estudiar más a a fondo. Batman también experimentó una transformación y se convirtió en un personaje mucho menos unidimensional, luchando con muchos conflictos internos. Aunque no es canónico, Frank Miller, introdujo The Dark Knight Returns que contenía una importante evolución del carácter del Batman en la serie del mismo nombre, se convirtió inflexible e implacable en su lucha por revitalizar Gotham. Batman a menudo tiene un comportamiento que la elite de Gotham ha etiquetado como excesivamente violento, así como tendencias antisociales."
	}, 
	
	{
	"imagen":"http://st-listas.20minutos.es/images/2014-04/380372/4410965_640px.jpg?1398328011",
	"titulo":"BATMAN",
		"idcomic":"32",
	"fecha":"1988",
	"genero":"aventura",
	"personaje":"batman",
	"empresa":"DC COMICS",
	"idioma":"inglés",
	"cultura":"americana",
	"sinopsis":"Las primeras historias que aparecen en el cómic Batman fueron escritas por Bill Finger y Bob Kane, aunque años después no se acreditó a Finger cómo el co-creador de Batman. Las primeras historias presentan a un Batman vengativo, que no dudara en asesinar cuándo alguien se interponga en su camino. En las primeras publicaciones se presentaba a Batman con una pistola, que usaba para asesinar a pandilleros. Más tarde se presenta a su primer enemigo un psicópata que se hace llamar El Joker que usa una sustancia tóxica para mutilar a sus víctimas y al mismo tiempo dejarles una grotesca sonrisa, actualmente sigue siendo el enemigo de Batman. El creador del Joker Jerry Robinson pidió que el personaje no se saliera con la suya, durante muchos años el Joker ha sido un asesino a sangre fría. Más tarde, durante la Edad de Plata de Batman, este supervillano fue cambiado a un maniaco multihomicida. Por lo general, los principales desafíos a los que se enfrenta Batman en esta época se derivaron de villanos que eran demasiado malignos, sin embargo, por la década de 1970, las motivaciones de los personajes, incluyendo compulsión obsesiva, el abuso infantil y el fanatismo del medio ambiente, se empezó a estudiar más a a fondo. Batman también experimentó una transformación y se convirtió en un personaje mucho menos unidimensional, luchando con muchos conflictos internos. Aunque no es canónico, Frank Miller, introdujo The Dark Knight Returns que contenía una importante evolución del carácter del Batman en la serie del mismo nombre, se convirtió inflexible e implacable en su lucha por revitalizar Gotham. Batman a menudo tiene un comportamiento que la elite de Gotham ha etiquetado como excesivamente violento, así como tendencias antisociales."
	}, 
	
	{
	"imagen":"http://static.batanga.com/sites/default/files/styles/large/public/comics.batanga.com/files/Las-25-mejores-portadas-de-Batman-13.jpg?itok=zrbphFBA",
	"titulo":"BATMAN",
		"idcomic":"33",
	"fecha":"1988",
	"genero":"aventura",
	"personaje":"batman",
	"empresa":"DC COMICS",
	"idioma":"inglés",
	"cultura":"americana",
	"sinopsis":"Las primeras historias que aparecen en el cómic Batman fueron escritas por Bill Finger y Bob Kane, aunque años después no se acreditó a Finger cómo el co-creador de Batman. Las primeras historias presentan a un Batman vengativo, que no dudara en asesinar cuándo alguien se interponga en su camino. En las primeras publicaciones se presentaba a Batman con una pistola, que usaba para asesinar a pandilleros. Más tarde se presenta a su primer enemigo un psicópata que se hace llamar El Joker que usa una sustancia tóxica para mutilar a sus víctimas y al mismo tiempo dejarles una grotesca sonrisa, actualmente sigue siendo el enemigo de Batman. El creador del Joker Jerry Robinson pidió que el personaje no se saliera con la suya, durante muchos años el Joker ha sido un asesino a sangre fría. Más tarde, durante la Edad de Plata de Batman, este supervillano fue cambiado a un maniaco multihomicida. Por lo general, los principales desafíos a los que se enfrenta Batman en esta época se derivaron de villanos que eran demasiado malignos, sin embargo, por la década de 1970, las motivaciones de los personajes, incluyendo compulsión obsesiva, el abuso infantil y el fanatismo del medio ambiente, se empezó a estudiar más a a fondo. Batman también experimentó una transformación y se convirtió en un personaje mucho menos unidimensional, luchando con muchos conflictos internos. Aunque no es canónico, Frank Miller, introdujo The Dark Knight Returns que contenía una importante evolución del carácter del Batman en la serie del mismo nombre, se convirtió inflexible e implacable en su lucha por revitalizar Gotham. Batman a menudo tiene un comportamiento que la elite de Gotham ha etiquetado como excesivamente violento, así como tendencias antisociales."
	}, 

	{
	"imagen":"http://1.bp.blogspot.com/_U1sNSxy9T0E/TDpC6gL21RI/AAAAAAAAGQs/2c4f-FP-vjs/s1600/001.jpg",
	"titulo":"BATMAN",
		"idcomic":"34",
	"fecha":"1988",
	"genero":"aventura",
	"personaje":"batman",
	"empresa":"DC COMICS",
	"idioma":"inglés",
	"cultura":"americana",
	"sinopsis":"Las primeras historias que aparecen en el cómic Batman fueron escritas por Bill Finger y Bob Kane, aunque años después no se acreditó a Finger cómo el co-creador de Batman. Las primeras historias presentan a un Batman vengativo, que no dudara en asesinar cuándo alguien se interponga en su camino. En las primeras publicaciones se presentaba a Batman con una pistola, que usaba para asesinar a pandilleros. Más tarde se presenta a su primer enemigo un psicópata que se hace llamar El Joker que usa una sustancia tóxica para mutilar a sus víctimas y al mismo tiempo dejarles una grotesca sonrisa, actualmente sigue siendo el enemigo de Batman. El creador del Joker Jerry Robinson pidió que el personaje no se saliera con la suya, durante muchos años el Joker ha sido un asesino a sangre fría. Más tarde, durante la Edad de Plata de Batman, este supervillano fue cambiado a un maniaco multihomicida. Por lo general, los principales desafíos a los que se enfrenta Batman en esta época se derivaron de villanos que eran demasiado malignos, sin embargo, por la década de 1970, las motivaciones de los personajes, incluyendo compulsión obsesiva, el abuso infantil y el fanatismo del medio ambiente, se empezó a estudiar más a a fondo. Batman también experimentó una transformación y se convirtió en un personaje mucho menos unidimensional, luchando con muchos conflictos internos. Aunque no es canónico, Frank Miller, introdujo The Dark Knight Returns que contenía una importante evolución del carácter del Batman en la serie del mismo nombre, se convirtió inflexible e implacable en su lucha por revitalizar Gotham. Batman a menudo tiene un comportamiento que la elite de Gotham ha etiquetado como excesivamente violento, así como tendencias antisociales."
	},

	{
	"imagen":"http://1.bp.blogspot.com/_U1sNSxy9T0E/TDpC6gL21RI/AAAAAAAAGQs/2c4f-FP-vjs/s1600/001.jpg",
	"titulo":"BATMAN",
		"idcomic":"35",
	"fecha":"1988",
	"genero":"aventura",
	"personaje":"batman",
	"empresa":"DC COMICS",
	"idioma":"inglés",
	"cultura":"americana",
	"sinopsis":"Por lo general, los principales desafíos a los que se enfrenta Batman en esta época se derivaron de villanos que eran demasiado malignos, sin embargo, por la década de 1970, las motivaciones de los personajes, incluyendo compulsión obsesiva, el abuso infantil y el fanatismo del medio ambiente, se empezó a estudiar más a a fondo. Batman también experimentó una transformación y se convirtió en un personaje mucho menos unidimensional, luchando con muchos conflictos internos. Aunque no es canónico, Frank Miller"
	},

	{
	"imagen":"http://1.bp.blogspot.com/_U1sNSxy9T0E/TDpC6gL21RI/AAAAAAAAGQs/2c4f-FP-vjs/s1600/001.jpg",
	"titulo":"BATMAN",
		"idcomic":"36",
	"fecha":"1988",
	"genero":"aventura",
	"personaje":"batman",
	"empresa":"DC COMICS",
	"idioma":"inglés",
	"cultura":"americana",
	"sinopsis":"Las primeras historias que aparecen en el cómic Batman fueron escritas por Bill Finger y Bob Kane, aunque años después no se acreditó a Finger cómo el co-creador de Batman. Las primeras historias presentan a un Batman vengativo, que no dudara en asesinar cuándo alguien se interponga en su camino. En las primeras publicaciones se presentaba a Batman con una pistola, que usaba para asesinar a pandilleros. Más tarde se presenta a su primer enemigo un psicópata que se hace llamar El Joker que usa una sustancia tóxica para mutilar a sus víctimas y al mismo tiempo dejarles una grotesca sonrisa, actualmente sigue siendo el enemigo de Batman. El creador del Joker Jerry Robinson pidió que el personaje no se saliera con la suya, durante muchos años el Joker ha sido un asesino a sangre fría. Más tarde, durante la Edad de Plata de Batman, este supervillano fue cambiado a un maniaco multihomicida. Por lo general, los principales desafíos a los que se enfrenta Batman en esta época se derivaron de villanos que eran demasiado malignos, sin embargo, por la década de 1970, las motivaciones de los personajes, incluyendo compulsión obsesiva, el abuso infantil y el fanatismo del medio ambiente, se empezó a estudiar más a a fondo. Batman también experimentó una transformación y se convirtió en un personaje mucho menos unidimensional, luchando con muchos conflictos internos. Aunque no es canónico, Frank Miller, introdujo The Dark Knight Returns que contenía una importante evolución del carácter del Batman en la serie del mismo nombre, se convirtió inflexible e implacable en su lucha por revitalizar Gotham. Batman a menudo tiene un comportamiento que la elite de Gotham ha etiquetado como excesivamente violento, así como tendencias antisociales."
	}
]