[

	{
	"imagen":"http://www.ovnipress.com.ar/wp-content/themes/shopperpress/thumbs/CAPITAN_AMERICA_LLV_COV_ARG.jpg",
	"titulo":"Captain America",
		"idcomic":"37",
	"fecha":"1990",
	"genero":"aventura",
	"personaje":"Capitan America",
	"empresa":"marvel",
	"idioma":"inglés",
	"cultura":"americana",
	"sinopsis":"es un justiciero ficticio que aparece en cómics estadounidenses publicados por Marvel Comics. Creado por los historietistas Joe Simon y Jack Kirby, el personaje apareció por primera vez en Captain America Comics #1 (marzo de 1941) de Timely Comics, predecesor de Marvel Comics. El Capitán América fue diseñado como un supersoldado patriota que luchaba frecuentemente contra las potencias del Eje en la Segunda Guerra Mundial, y fue el personaje más popular de Timely Comics durante el período de guerra. La popularidad de superhéroes se desvaneció después de la guerra, y el cómic del Capitán América fue discontinuado en 1950, con un breve resurgimiento en 1953. Desde que Marvel Comics revivió al personaje en 1964, el Capitán América se ha mantenido en publicación."
	},
	
	{
	"imagen":"http://www.zonanegativa.com/imagenes/2014/03/Captain_America_ed_brubaker_steve_epting_marvel_1.jpg",
	"titulo":"Captain America",
		"idcomic":"38",
	"fecha":"1990",
	"genero":"aventura",
	"personaje":"Capitan America",
	"empresa":"marvel",
	"idioma":"inglés",
	"cultura":"americana",
	"sinopsis":"Edad dorada (1941-1954)El origen del Capitán América se remonta a finales de 1940, cuando la industria del comic book aún estaba configurándose.4 Aunque en aquellos años los Estados Unidos aún no se habían implicado en la Segunda Guerra Mundial, en los kioscos ya habían comenzado a aparecer publicaciones protagonizadas por superhéroes vestidos con uniformes patrióticos,5 siendo el primero de estos The Shield de MLJ Magazines Inc.6 Martin Goodman, propietario de la editorial Timely Comics (la actual Marvel Comics), decidió aunar sus sentimientos antinazis y su instinto editorial, por lo que encargó a los artistas Joe Simon y Jack Kirby que crearan un nuevo personaje patriótico, el Capitán América. El tono patriótico y antinazi del personaje se hizo evidente desde el primer número, en el que el héroe propinaba un puñetazo al mismísimo Adolf Hitler7 Kirby comentó al respecto: El Capitán América fue creado en un tiempo que necesitaba de figuras nobles. Todavía no estábamos en guerra, pero todo el mundo sabía que íbamos a estarlo. Esta es la razón por la que nació el Capitán América; América necesitaba un superpatriota.8"
	}, 
	
	{
	"imagen":"http://www.paninicomics.es/image/image_gallery?img_id=3033220&t=1272919285617",
	"titulo":"Captain America",
		"idcomic":"39",
	"fecha":"1990",
	"genero":"aventura",
	"personaje":"Capitan America",
	"empresa":"marvel",
	"idioma":"inglés",
	"cultura":"americana",
	"sinopsis":"El Capitán América viste un traje que lleva un motivo de la bandera de los Estados Unidos, y está armado con un escudo casi indestructible el cual arroja a sus enemigos. El personaje es generalmente representado como el álter ego de Steve Rogers, un joven frágil mejorado a la cima de la perfección humana por un suero experimental para ayudar a los esfuerzos inminentes del gobierno de Estados Unidos en la Segunda Guerra Mundial. Cerca del final de la guerra, él queda atrapado en el hielo y sobrevive en animación suspendida hasta que es revivido en el presente. A pesar de que el Capitán América a menudo lucha por mantener sus ideales como un hombre fuera de su tiempo con sus realidades modernas, él sigue siendo una figura muy respetada en su comunidad, incluyendo el convertirse en el líder de los Vengadores durante mucho tiempo."
	}, 
	
	{
	"imagen":"http://vignette3.wikia.nocookie.net/marveldatabase/images/f/f4/Captain_America_Vol_7_7.jpg/revision/latest?cb=20130527200435",
	"titulo":"Captain America",
		"idcomic":"40",
	"fecha":"1990",
	"genero":"aventura",
	"personaje":"Capitan America",
	"empresa":"marvel",
	"idioma":"inglés",
	"cultura":"americana",
	"sinopsis":"Joseph Rogers (padre, fallecido)"

	}, 
	
	{
	"imagen":"http://www.zonanegativa.com/imagenes/2014/03/Marvel-Deluxe-Capit%C3%A1n-Am%C3%A9rica-8.jpeg",
	"titulo":"Captain America",
		"idcomic":"41",
	"fecha":"1985",
	"genero":"aventura",
	"personaje":"Capitan America",
	"empresa":"marvel",
	"idioma":"inglés",
	"cultura":"americana",
	"sinopsis":"Esta mezcla de historietas bélicas, propaganda patriótica y condena del nazismo convirtieron las aventuras del personaje en una de las series más populares de la editorial durante todos los años de la guerra (1941-1945),9 y si bien es cierto que su número de seguidores mermó tras el fin del conflicto, el personaje acabó siendo el superhéroe de Timely que más tiempo conservó su propia serie, sobreviviendo hasta finales de 1949.nota 1 Los autores intentaron diversos giros narrativos para recuperar el interés de los lectores, siendo el más relevante la retirada de su compañero Bucky y su sustitución por una chica, Golden Girl. En 1953, el editor y guionista Stan Lee relanzó al personaje con el subtítulo de «el aplasta comunistas», insertándolo en el contexto de la Guerra Fría y enfrentándolo a las fuerzas comunistas en Europa del Este, Oriente Próximo y el Lejano Oriente. No obstante, el público no conectó con el personaje, que desapareció nuevamente en 1954 tras apenas una año de aventuras.10"
	}, 
	
	{
	"imagen":"http://www.paninicomics.es/image/image_gallery?img_id=8118762&t=1440511663823",
	"titulo":"Captain America",
		"idcomic":"42",
	"fecha":"1985",
	"genero":"aventura",
	"personaje":"Capitan America",
	"empresa":"marvel",
	"idioma":"inglés",
	"cultura":"americana",
	"sinopsis":"El Capitán América fue el primer personaje de Marvel Comics que apareció en medios fuera de los cómics con el estreno de la serie de 1944, Captain America. Desde entonces, el personaje ha aparecido en otras películas y series de televisión, más recientemente en el Universo Cinematográfico de Marvel interpretado por Chris Evans en Captain America: The First Avenger, The Avengers, Captain America: The Winter Soldier, Avengers: Age of Ultron y Captain America: Civil War. El Capitán América está en el sexto puesto en el Top 100 Héroes del Cómic de Todos los Tiempos (2011)2 de IGN, y en el segundo puesto en su lista de Top 50 de Los Vengadores (2012).3"
	}, 
	
	{
	"imagen":"http://www.videopolis.cl/caratulas/10039P.jpeg",
	"titulo":"Captain America",
		"idcomic":"43",
	"fecha":"1990",
	"genero":"aventura",
	"personaje":"Capitan America",
	"empresa":"marvel",
	"idioma":"inglés",
	"cultura":"americana",
	"sinopsis":"El Capitán América fue el primer personaje de Marvel Comics que apareció en medios fuera de los cómics con el estreno de la serie de 1944, Captain America. Desde entonces, el personaje ha aparecido en otras películas y series de televisión, más recientemente en el Universo Cinematográfico de Marvel interpretado por Chris Evans en Captain America: The First Avenger, The Avengers, Captain America: The Winter Soldier, Avengers: Age of Ultron y Captain America: Civil War. El Capitán América está en el sexto puesto en el Top 100 Héroes del Cómic de Todos los Tiempos (2011)2 de IGN, y en el segundo puesto en su lista de Top 50 de Los Vengadores (2012).3"
	}
]