[

	
	{
	"imagen":"http://www.nadacomercial.com/wordpress/wp-content/uploads/2012/01/Conan-el-barbaro-Portada-USA.jpg",
	"titulo":"CONAN el BARBARO",
		"idcomic":"44",
	"fecha":"1971",
	"genero":"aventura",
	"personaje":"conan",
	"empresa":"marvel",
	"idioma":"inglés",
	"cultura":"americana",
	"sinopsis":"Conan the Barbarian by Robert E. Howard was first adapted into comics in 1952 in Mexico. Marvel Comics began publishing Conan comics with the series Conan the Barbarian in 1970. Since 2003, Conan has been published by Dark Horse Comics."
	},
	
	{
	"imagen":"http://www.tebeosfera.com/imagenes/publicaciones/n/2/CONAN2.JPG",
	"titulo":"CONAN el BARBARO",
		"idcomic":"45",
	"fecha":"1971",
	"genero":"aventura",
	"personaje":"conan",
	"empresa":"marvel",
	"idioma":"inglés",
	"cultura":"americana",
	"sinopsis":"Marvel introdujo una versión bastante fiel de Conan en 1970 con Conan el Bárbaro , escrito por Roy Thomas con el arte inicialmente por Barry Windsor-Smith , a continuación, John Buscema y Ernie Chan (también conocido como Ernie Chua). El gran éxito de Conan el Bárbaro serie dio lugar a la más adulto, blanco y negro espada salvaje de Conan en 1974, por Thomas, Buscema, y Alfredo Alcalá . Espada salvaje de Conan pronto se convirtió en una de la serie de cómics más populares en los años 1970 y ahora se considera un clásico de culto. Las historias de Marvel Conan también se adaptaron como una tira cómica del periódico que apareció al día y el domingo a partir del 4 de septiembre de 1978 al 12 de abril de 1981. Originalmente escrito por Roy Thomas y John Buscema ilustrado por, la tira se continuó por varios artistas y Marvel diferentes escritores. Otros títulos de Marvel Conan largo de los años incluyen Savage Tales (1971 - 1975 temas 1-5 solamente), Giant-Size Conan (1974-1975), rey Conan / Conan Rey (1980-1989), Conan el Aventurero (1994 - 1995), Conan (1995 - 1996), y Conan el salvaje (1995 - 1996)."
	}, 
	
	{
	"imagen":"https://upload.wikimedia.org/wikipedia/en/4/43/SavageTales1.jpg",
	"titulo":"CONAN el BARBARO",
		"idcomic":"46",
	"fecha":"1971",
	"genero":"aventura",
	"personaje":"conan",
	"empresa":"marvel",
	"idioma":"inglés",
	"cultura":"americana",
	"sinopsis":"Dark Horse Comics comenzó su toma en Conan en 2003 . La primera serie de cómics publicada fue escrita por Kurt Busiek y Tim Truman y Dibujos de Cary Nord y Tomás Giorello . Esto fue seguido por Conan el cimmerio , escrito por Tim Truman y el lápiz por Tomás Giorello , Richard Corben y José Villarrubia . Esta serie es una nueva interpretación, basada únicamente en la obra de Robert E. Howard y en la Dale Rippke cronología , sin conexión con la gran jugada de Marvel. Dark Horse Comics publica también digitalmente re-compilaciones de colores de la década de 1970 Marvel Comics Conan el Bárbaro serie en formato de novela gráfica, por Roy Thomas (escritor), Barry Windsor-Smith, John Buscema, Ernie Chan (artistas) y otros."
	}, 
	
	{
	"imagen":"http://1.bp.blogspot.com/-ufcktCZIE8w/VdkeELP4MlI/AAAAAAAALoQ/ViJDtx70b6s/s1600/ESC%2B5.jpg",
	"titulo":"CONAN el BARBARO",
		"idcomic":"47",
	"fecha":"1971",
	"genero":"aventura",
	"personaje":"conan",
	"empresa":"marvel",
	"idioma":"inglés",
	"cultura":"americana",
	"sinopsis":"La reina de la Costa Negra La primera adaptación del cómic de una historia Howard Conan fue la característica La reina de la Costa Negra (tomado de la historia original de Conan, Reina de la Costa Negro ) en el tamaño en miniatura del título antología mexicana Cuentos de Abuelito # 8 (1952 ) publicado por la Corporación Editorial Mexicana, SA. [1] la serie presenta a los personajes principales, Conan y Bêlit , aunque Conan se representa como rubia en lugar de. de pelo negro [2] Problemas de 8 a 12 adaptó la historia Howard original, mientras que la posterior temas presentados material original. La característica funcionó en casi todos los temas de Cuentos de Abuelito arriba a través del número 61. [3] Un compendio independiente del tamaño de la reina de la Costa Negra serie fue publicada por Ediciones Mexicanas Asocidas en 1958-1959, que duró al menos once temas. en 1965-66 Ediciones Joma publicó un tamaño estándar de la Reina de la Costa Negra cómic que corrió durante al menos 53 temas"
	}, 
	
	{
	"imagen":"http://www.fantasymundo.com/galeria/imagenes/Literatura01/11938.jpg",
	"titulo":"CONAN el BARBARO",
		"idcomic":"48",
	"fecha":"1971",
	"genero":"aventura",
	"personaje":"conan",
	"empresa":"marvel",
	"idioma":"inglés",
	"cultura":"americana",
	"sinopsis":"Volumen 2 comienza con la espada salvaje de Conan # 11 de 1976. Un tema fantástico escrito por Roy Thomas - que escribió la mayor parte de las historias en la revista sus primeros años - con el arte de John Buscema y Yong Montano. Buscema / Montano pelado es muy interesante, y los resultados son tan exuberante y detallada como tintas de Alfredo Alcala en un solo volumen. Es una lástima Montano sólo lo hizo éste tema de la SS porque él trajo excelentes lápices de Buscema a la vida, así como Alcalá, pero con un estilo totalmente diverso, que no era menos inmersivo. Esta adaptación de Howard de La morada de los condenados no es el típico cuento del cimmerio, como Conan es o bien fuera de la pantalla o en el encubrimiento como Chirkuhpor la mitad del problema. Es una excursión brutal en las vidas violentas de tribus del desierto, como se ve a través de los ojos de la doncella intrépido Mellani. Buscando venganza por su hermano muerto la lleva a la derecha en cautiverio, donde cimmerio-en-disfraz es su única esperanza de sobrevivir. Yong Montano no se convierta en un entintador regular de Buscema como Alcalá y posteriormente DeZuniga y Chan hizo, pero el  SS # 11 que hizo un trabajo bang-up creación de ese nivel Buscema / Complutense de detalle artístico, al tiempo que ofrece una textura fresca en su dominio de la luz y la sombra."
	}, 
	
	{
	"imagen":"http://www.covernk.com/Covers/L/S/Savage%20Sword%20of%20Conan%201974%20series/savageswordofconan28.jpg",
	"titulo":"CONAN el BARBARO",
		"idcomic":"49",
	"fecha":"1971",
	"genero":"aventura",
	"personaje":"conan",
	"empresa":"marvel",
	"idioma":"inglés",
	"cultura":"americana",
	"sinopsis":"En  espada salvaje # 12, los actuales campeones artísticas John Buscema y retorno Alfredo Alcalá para ayudar a Roy Thomas adaptarse El esclavo de la princesa de Howard en un cuento de Conan llamado Los Haunters del castillo de carmesí. La exuberante obra de tinta negro es el alto nivel de la Los primeros años de la revista. Paneles hiper-detallado de Alcala tomaron lápices magistrales de Buscema a un nuevo nivel de integridad artística. A raíz de sus actuaciones bravura en SS # 2, 4 y 7, Buscema / Alcalá traer más la grandeza de iluminación-en-botella a estas páginas - y es su trabajo de alta gama que destaca todo este segundo volumen, comenzando con SS # 12. 2577540-savage_sword_of_conan_012_01Roy Thomas escribió y dirigió la revista, por lo que tuvo la última palabra en los equipos de arte. Roy sabía que tenía algo especial en el equipo Buscema / Alcalá, por lo que, naturalmente, trató de obtener la mayor cantidad de problemas del equipo como sea posible. No importa que Buscema no le gustaba la exuberante pinceladas e intrincado eclosión de las labores de Alcala - sintió tintas de Alcala dominaron por completo sus lápices. Es una lástima, porque lo que realmente sucede es una sinergia que crea algunas de las mejores páginas de historietas jamás dibujado y entintado por la mano del hombre. Más tarde, Alcalá cambió su estilo con exasperante resultados, pero cuando fue entintado con la pluma y el pincel no había nadie que pudiera mejor de él en los lápices de Buscema."
	}, 
	
	{
	"imagen":"http://www.imagexia.com/wp-content/uploads/2014/07/Portada-comic-Conan.jpg",
	"titulo":"CONAN el BARBARO",
		"idcomic":"50",
	"fecha":"1971",
	"genero":"aventura",
	"personaje":"conan",
	"empresa":"marvel",
	"idioma":"inglés",
	"cultura":"americana",
	"sinopsis":"Pongo Alfredo [Alcalá] en la espada salvaje  sobre todo porque había extendido en todo lo que los detalles, dijo Roy Thomas John Buscema en un  alter ego  entrevista. Y, saliendo de las Conan cuestiones de Barry, que había puesto tanto detalle en, pensé, bien, si no se va a tinta por sí mismo, puede ser que también tallarines hacia arriba y hacer que parezca que hay mucho del dibujo allí, ya sabes Thomas broma llamó Arte por la libra? - refiriéndose a entintado muy detallada de Alcalá. Los aficionados respondieron al premiar la revista con éxito comercial. Buscema / Alacala fue el combustible para cohetes teniendo espada salvaje  a nuevas alturas. Durante los primeros 24 números de espada salvaje de Conan , el equipo Buscema / Alcalá fue el estándar de oro. Sin embargo, el gran Gil Kane intervino para llamar la SS # 13, adaptándose Pero no es realmente Los dioses de Bal-Sagoth.: La historia es una reimpresión de Conan el Bárbaro (el cómic color que comenzó la Marvel Conan locura). La historia se recoge en su formato original del color en el interior de Las Crónicas de Conan Vol. 3 . El arte de Kane aquí es precioso como siempre, pero yo prefiero la versión de color a esta historia en blanco y negro. A diferencia de Alcalá y Montano, entintadores de Kane (Ralph Reese y Dan Adkins) firmaron estas páginas para una publicación de color - y realmente se puede percibir el color que falta."
	}, 
	
	{
	"imagen":"http://womanfantasy.es/imagenes/REVISTAS/CONAN/ARTICULOS/conan22.jpg",
	"titulo":"CONAN el BARBARO",
		"idcomic":"51",
	"fecha":"1971",
	"genero":"aventura",
	"personaje":"conan",
	"empresa":"marvel",
	"idioma":"inglés",
	"cultura":"americana",
	"sinopsis":"La edición # 14 de la espada salvaje es un tour de force y un clásico de buena fe. Thomas se adapta Howard de Sombras en Zamboula (originalmente titulado El Hombre-comedores de Zamboula) y la leyenda viviente Neal Adams interviene para lápiz uno de los temas más inolvidables vez para ver de impresión. Las tintas se conceden únicamente a los La tribu - lo que significa que cualquier número de entintadores que estaban ayudando a Adams en el momento. Tony de Zúñiga era un miembro notable de esta tribu - su trabajo entintado Adams aquí es a la vez frecuente y exquisita. DeZuniga pasaría a convertirse en otra pareja artística perfecta con John Buscema. Tintas de Tony DeZuniga en espada salvaje se consideran extensamente haber sido rivalizar en calidad principalmente por el entintado de Alfredo Alcalá y Ernie Chan. Juntos forman un triunvirato de último Buscema obra que forma el núcleo de la espada salvaje primeros diez años 's. El super-equipo de Buscema / Alcalá vuelve a El Diablo En Hierro en el SS # 15, y monta directamente en un multi-parte Pueblo del Círculo Negro adaptación para las ediciones # 16 - # 19. Aquí es donde las grietas en la asociación Buscema / Alcalá comienzan a mostrar. altamente detallada de entintado de Alfredo - con lo que la Edad Hiboria a la vida en profundidad tridimensional con la línea, pincel y negro de tinta tenía que ser extremadamente lento. Así que el viaje increíble que comenzó con Pueblo del Círculo Negro puestos inevitablemente en la edición # 18."
	}, 
	
	{
	"imagen":"http://cloud10.todocoleccion.online/comics-forum/fot/2006/09/10/3355722.jpg",
	"titulo":"CONAN el BARBARO",
		"idcomic":"52",
	"fecha":"1971",
	"genero":"aventura",
	"personaje":"conan",
	"empresa":"marvel",
	"idioma":"inglés",
	"cultura":"americana",
	"sinopsis":"Después de la elaboración de tres temas, magníficamente prestados-llamativos en una fila (# 15, 16, 17) Alcalá debe haber necesitado un descanso. Fue la tercera parte de una historia de cuatro partes, y no puedo pensar en otra cosa que explica lo que ocurre con la asociación Buscema / Alcalá en el # 18. Alcalá debió darse cuenta de que no podía tinta de todos esa cuestión a tiempo para la fecha límite, por lo que sus ojos deben haber desviado por la habitación para su dibujo board..and los tizones de carbón vegetal puestos allí. Así comienza su primer experimento con carbón sobre los lápices de Buscema, en lugar de tintas laboriosos que consumen mucho tiempo con pincel y la pluma. Los resultados son, francamente, una gran decepción. SS # 18 es una gran salida tales y estilo - y la calidad básica - que difícilmente se puede considerar un éxito como parte de un quadrology, let-hablar de un solo tema. Lo interesante aquí es el arte sobrehumana resistencia de Big John Buscema. No importa los plazos, sus lápices nunca perdieron un poco de ponche. Ellos no son el problema con la espada salvaje # 18 - el problema es totalmente la decisión de Alfredo Alcalá de utilizar una técnica de carbón sobre el tema - y la decisión Roy Thomas 'para ir junto con él. Sé - Sé - la temida fecha límite de Doom era muy común en Marvel en los años 70. Roy tenía una gran cantidad de pescado para freír, además de la escritura / edición de esta revista. Él probablemente pensó Es mejor que se alejara un problema de aspecto descuidado del ningún problema - y tal vez personas incluso como el estilo de carbón ... Cualquiera que sea la razón, esta parte tres de los Pueblo del Círculo Negro arruina por completo la adaptación - que no encaja en absoluto con el aspecto del arte de las tres primeras cuestiones que había antes de él - o los problemas que viene justo después de ella."
	}, 

	{
	"imagen":"https://loscomics.files.wordpress.com/2010/05/2-1.jpg?w=450",
	"titulo":"CONAN el BARBARO",
		"idcomic":"53",
	"fecha":"1971",
	"genero":"aventura",
	"personaje":"conan",
	"empresa":"marvel",
	"idioma":"inglés",
	"cultura":"americana",
	"sinopsis":"Sí, Alcalá debe haber sabido que su trabajo no estaba a la altura, la estrategia de carbón debe haber sido una estrategia de emergencia solamente, porque en el siguiente número, SS # 19, que ofrece toda la exuberancia de la línea y la sombra que los aficionados habían venido a esperar de los problemas anteriores. Parte 4 de la adaptación Negro Círculo es tan grande como la parte 3 era cojo. Es un retorno al patrón oro Buscema / Alcalá: El carbón es un recuerdo lejano, y los lápices y pinceles de Alcalá están goteando negro de tinta como sangre derramada una vez más. Los tiempos eran buenos. El rebote gloriosa del equipo Buscema / Alcalá fluyó a la derecha en espada salvaje # 20, cuando abordan la adaptación de El Slithering de la sombra, una de las Ciudad Perdida de Howard cuentos-y uno de sus cuentos de Conan menos aclamados de Thomas. A pesar de sus orígenes humildes-y su similitud con varios otros cuentos Howard, elementos de la trama reciclados, etc. - la cuestión se ve increíble y se lee como otra película de suspenso perfecta Buscema / Alcalá. La intensidad de la obra eleva el material de origen a una excelente experiencia de espada y brujería de la talla de los cuales espada salvaje aficionados esperaban ver todos los temas. En la edición # 21 Sonny Trinidad viene a dar Alcalá trabajador un descanso. Los resultados pueden ser reparados, pero nada a destacar. La cuestión es perseguido por un relleno persistente atmósfera, a excepción de unas pocas páginas cuando se ve realmente como Buscema fue entintado a sí mismo. Tal vez era - todo el mundo necesita ayuda en los plazos de vez en cuando - edición de libros de historietas fue y sigue siendo un esfuerzo de equipo. Dark Horse mis-créditos Sonny Trinidad como Alfredo Alcalá en su edición de reimpresión de # 22, un vistazo a esta historia y me di cuenta de que no era tintas Alcala que se enumeran piscina del Uno Negro. - Una búsqueda rápida de la tela posterior y me confirmó que el número 22 era también un problema Trinidad. Una vez más, un trabajo funcional por Trinidad, pero muy diferente de la / mirada Buscema Alcalá que había llegado a dominar la revista."
	}
	
]