[

	{
	"imagen":"http://3.bp.blogspot.com/-bjgbBLVIktU/VqGk9eYdUNI/AAAAAAAACSE/IjWbPhToyIM/s1600/Daredevil_Vol_5_1-2.jpg",
	"titulo":"DAREDEVIL",
		"idcomic":"54",
	"fecha":"1963",
	"genero":"aventura",
	"personaje":"Daredevil",
	"empresa":"marvel",
	"idioma":"inglés",
	"cultura":"americana",
	"sinopsis":"Daredevil es un personaje ficticio de la editorial Marvel Comics, creado por Stan Lee y Bill Everett, que tuvo su primera aparición en el comic-book Daredevil #1, publicado en 1964. El nombre del personaje significa temerario en español, pero en España Vértice lo publicó como Dan Defensor para justificar las dos DD sobre su pecho, mientras que en algunos países de Hispanoamérica recibió el nombre de Diabólico. Hoy en día se publica con su nombre original en inglés, Daredevil. Tanto antes como ahora se le añade el sobrenombre de El hombre sin miedo."
	},
	
	{
	"imagen":"http://k33.kn3.net/taringa/1/A/8/D/1/9/IstvanSanchez/D8E.jpg",
	"titulo":"DAREDEVIL",
		"idcomic":"55",
	"fecha":"1963",
	"genero":"aventura",
	"personaje":"Daredevil",
	"empresa":"marvel",
	"idioma":"inglés",
	"cultura":"americana",
	"sinopsis":"La colección regular ha pasado por momentos memorables en la historia del cómic de superhéroes, como la etapa de Frank Miller en los 80, con líneas argumentales cómo la de Born Again. Más recientemente, también cabe destacar la etapa de Brian Michael Bendis y Maleev, la de Ed Brubaker con Michael Lark al dibujo, o la última, con Mark Waid y Paolo Rivera. Daredevil experimentó un cambio en los años ochenta, convirtiéndose en un personaje más oscuro, e incluso dirigido a un público más adulto, lo que le convirtió en una especie de personaje de culto dentro de las colecciones de Marvel, aunque es uno de sus personajes más populares."
	}, 
	
	{
	"imagen":"http://blogdesuperheroes.es/wp-content/plugins/BdSGallery/BdSGaleria/9389.jpg",
	"titulo":"DAREDEVIL",
		"idcomic":"56",
	"fecha":"1963",
	"genero":"aventura",
	"personaje":"Daredevil",
	"empresa":"marvel",
	"idioma":"inglés",
	"cultura":"americana",
	"sinopsis":"Trayectoria editorial Daredevil fue objetivo de un reinicio gracias a la iniciativa Marvel Knights (juego de palabras con Caballeros Marvel y Noches Marvel), donde varios títulos de personajes considerados vigilantes volvieron al #1. El guionista, director y actor Kevin Smith fue el encargado de escribir el título junto a los lápices del entonces editor-jefe de Marvel Comics Joe Quesada. El cómic fue bien recibido, dando paso a otro equipo creativo que consagró el título como un renacimiento de la gloria del personaje, no vista desde los tiempos de Frank Miller o Ann Nocenti. Quienes retomaron el título fueron Brian Michael Bendis(cuya habilidad para el género detectivesco y de crimen fue la clave para la sólida y destacada etapa) quien entró a guionizar en Daredevil vol 2 #20 junto a David Mack, para luego, en Daredevil #25, unirse con el dibujante Alex Maleev, artista con el cual continuó su etapa hasta finalizarla en la conclusión de Murdock Papers. (Daredevil Volumen 2 #1-80, Kevin Smith, Joe Quesada, David Mack, Brian Michael Bendis, Alex Maleev.) En este punto, el título pasa a manos de otro gran escritor del cómic noir: Ed Brubaker, que junto al artista Michael Lark, lleva a Matt Murdock a enfrentarse con el hombre tras la cortina que le causó grandes problemas mientras se encontraba en la cárcel. La revelación corre por cuenta de mostrar a una Vanessa Fisk, ex esposa de su gran enemigo Kingpin, como quien movía los hilos. La antagonista muere y esto da oportunidad a Brubaker para experimentar con viejos villanos (Mr Fear) o crear nuevos (Lady Bullseye). Durante los números en que estuvo a cargo el escritor, el arco cruel e inusual fue co-escrito junto a su antiguo compañero del cómic Gotham Central, Greg Rucka. La etapa de Brubaker y Lark finaliza cuando Daredevil se transforma en el líder de la organización de asesinos orientales conocida como The Hand, antiguos enemigos del héroe. El número final toma la numeración sumada del volumen 1 y 2, pasando el título a ser #500. (Daredevil Vol 2 #80-120 Ed Brubaker, Michael Lark, Greg Rucka)2"
	}, 
	
	{
	"imagen":"http://static.batanga.com/sites/default/files/styles/large/public/comics.batanga.com/files/La-portada-del-dia-The-Daredevil-Chronicles%20.jpg?itok=phgQ_InR",
	"titulo":"DAREDEVIL",
		"idcomic":"57",
	"fecha":"1963",
	"genero":"aventura",
	"personaje":"Daredevil",
	"empresa":"marvel",
	"idioma":"inglés",
	"cultura":"americana",
	"sinopsis":"El relevo de Ed Brubaker fue Andy Diggle, escritor de la famosa The Losers en la editorial Vertigo. Aun así, Diggle no se acercó a la calidad con la que manejaron Bendis o Brubaker al personaje y su mitología. El aporte del escritor fue el evento Shadowland, donde los héroes de Marvel se unían para combatir a un corrompido Daredevil, que bajo la influencia de The Hand, tomó control sobre Hells Kitchen. En esta historia Matt Murdock asesina a sangre fría a su gran némesis Bullseye. Diggle deja el título con la miniserie de 4 números, donde narra la redención por la que pasa Matt tras los eventos. (Daredevil Dark Reign The List #1, Daredevil #501-511, Daredevil Reborn #1-4, Shadowland #1-5 Andy Diggle, Roberto de la Torre, Billy Tan)3 Como parte de la marca, Daredevil junto a Punisher y Moon Knight reiniciaron numeración. El encargado de escribir al personaje es el veterano autor Mark Waid, recordado por sus etapas en Flash y Captain America. El tono del título cambió radicalmente, acercándolo a sus antiguas etapas más y menos oscuras, abriendo al personaje mucho más al universo Marvel. Finalmente, Daredevil forma parte de la última formación de New Avengers escritor por Michael Bendis, quien incluyó al personaje en el título durante los sucesos. (New Avengers vol 2 #16- 25. Brian Michael Bendis, Mike Deodato)4"
	}, 
	
	{
	"imagen":"http://3.bp.blogspot.com/-8DEcLKVIvfw/T57680bzjyI/AAAAAAAAQ8Y/xFz-5YzTiyk/s1600/DD-164-664x1024.jpg",
	"titulo":"DAREDEVIL",
		"idcomic":"58",
	"fecha":"1963",
	"genero":"aventura",
	"personaje":"Daredevil",
	"empresa":"marvel",
	"idioma":"inglés",
	"cultura":"americana",
	"sinopsis":"Abandonado por su madre, Matt Murdock fue criado por su padre, el boxeador Jack  Murdock, en Hell's Kitchen (Barrio de Manhattan, Nueva York) . Al darse cuenta de que las reglas son necesarias para evitar que las personas se comporten indebidamente, el joven Matt decidió estudiar Derecho. Sin embargo, al tratar de impedir un accidente, un camión derramó su carga radioactiva dejando ciego a Matt; sorprendentemente, la radiación incrementó sus cuatro sentidos restantes. Bajo la tutela del maestro ciego de artes marciales Stick, Matt dominó sus sentidos y se convirtió en un luchador formidable. También asistió a la Escuela de Derecho de Columbia junto a su mejor amigo, Franklin Nelson, pero antes de obtener su doctorado, su padre fue asesinado por los agentes del Arreglador (Roscoe Sweeny) por negarse a perder una lucha. Enfurecido cuando el sistema jurídico no llevó al Arreglador a la justicia, Matt se puso un traje hecho de la bata de boxeo de su padre y entró en acción, atacando salvajemente a los asesinos de su padre y aterrando al mismo Arreglador, llevándolo hasta la muerte. Con el establecimiento de una pequeña firma de abogados en Nueva York junto a Foggy, Matt se comprometió de día a servir a la Ley como el abogado Matt Murdock y de noche luchar contra los maleantes más allá del alcance de ésta como Daredevil el hombre sin miedo."
	}, 
	
	{
	"imagen":"http://static.batanga.com/sites/default/files/styles/large/public/comics.batanga.com/files/La-portada-del-dia-Daredevil-1.jpg?itok=dgpzNPtW",
	"titulo":"DAREDEVIL",
		"idcomic":"59",
	"fecha":"1963",
	"genero":"aventura",
	"personaje":"Daredevil",
	"empresa":"marvel",
	"idioma":"inglés",
	"cultura":"americana",
	"sinopsis":"Con los años, Daredevil ha luchado contra varios supercriminales, incluyendo al Sr. Miedo, Stilt-Man, el Gladiador, el Hombre Púrpura o Jester (Jonathan Powers), así como los señores del crimen, como Kingpin o la Lechuza, contra los cuales ha luchado junto a la Viuda Negra y Elektra, a quién también ha amado. Aunque tanto Punisher como Daredevil dedican sus vidas a luchar contra el crimen, los métodos violentos del primero hacen que el segundo se le enfrente a menudo. Durante un encuentro temprano, Daredevil disparó a Punisher para impedir que matara al narcotraficante PeterGrunter. Desde entonces, Daredevil ha trabajado con Punisher cuando es necesario, pero también ha intentado llevarlo ante la justicia. Daredevil formó parte del grupo para detener a Punisher, quien escapó de la custodia policial. Más tarde, Daredevil se asoció con Spider-Man y Wolverine en un intento fallido de acabar con Punisher, ya que Daredevil aclaró que la única manera de detenerlo era matándolo."
	}, 
	
	{
	"imagen":"https://www.scifinow.co.uk/wp-content/uploads/2011/07/daredevil_1_2011_cover.jpg",
	"titulo":"DAREDEVIL",
		"idcomic":"60",
	"fecha":"1963",
	"genero":"aventura",
	"personaje":"Daredevil",
	"empresa":"marvel",
	"idioma":"inglés",
	"cultura":"americana",
	"sinopsis":"En la etapa de Bendis y Maleev, destacaron sucesos como: la identidad secreta de Daredevil fue expuesta por un periódico sensacionalista, así como la noticia de que definitivamente había derrotado a Kingpin, declarándose a sí mismo el nuevo Kingpin de Nueva York. Para evitar la inhabilitación, Matt fue forzado a negar públicamente su identidad dual, aunque el público sigue sin estar convencido. Fue encarcelado por el FBI, que había sido avergonzado públicamente por Murdock y recluido en una prisión compuesta por muchos de sus enemigos, con la esperanza de que sería asesinado en la cárcel. En julio de 2011 Daredevil es relanzado con el primer número del volumen 3, contando con Mark Waid como guionista y Paolo Rivera como dibujante. Waid redefinió el personaje centrándose en las aventuras y dejando atrás el aire deprimido, haciendo hincapié en los poderes del personaje y en su percepción del mundo físico. En los primeros números, Murdock descubre que no puede ejercer como abogado debido a las acusaciones que existen sobre su vida como justiciero, por ello, el bufete Nelson y Murdock comienza a asesorar a los clientes para que sean ellos mismos quienes se defiendan en los tribunales. Daredevil se une a los Nuevos Vengadores en una historia escrita por el anterior guionista del personaje, Brian Michael Bendis. Durante las siguientes sagas de la serie regular, Foggy comienza a dudar de la estabilidad mental de su amigo, pero posteriormente se descubre que todo forma parte de un complot organizado por un villano. El volumen 3 termina con el número #36 (febrero 2014) en el cual Matt se ve forzado a desvelar su identidad secreta. Como consecuencia de este suceso, pierde su licencia para ejercer como abogado en Nueva York, lo que le lleva a mudarse a San Francisco. Las aventuras del viaje de Nueva York a San Francisco son exploradas por Mark Waid y Chris Samnee en el cómic digital “Daredevil: Road Warrior”, reimpreso como el número #0.1 del volumen 4, enmarcado dentro del evento “All-New Marvel NOW!”"
	}, 
	
	{
	"imagen":"http://cines.com/files/2013/11/daredevil-comic.jpg",
	"titulo":"DAREDEVIL",
		"idcomic":"61",
	"fecha":"1963",
	"genero":"aventura",
	"personaje":"Daredevil",
	"empresa":"marvel",
	"idioma":"inglés",
	"cultura":"americana",
	"sinopsis":"Aunque durante un tiempo no perteneció oficialmente a ningún grupo, es miembro honorífico y ayudante ocasional de los Defensores y los Vengadores. También intentó crear el grupo conocido como Marvel Knights junto a la Viuda Negra, Caballero Luna, Cloak and Dagger y Shang-Chi. También el Capitán América le ofreció unirse a Los Nuevos Vengadores, pero Matt rechazó inicialmente la propuesta debido a que su identidad civil ya había sido revelada por el gobierno a los medios y al iniciarse contra su persona una persecución no quiso involucrar a los demás miembros del nuevo equipo de los Vengadores en sus problemas personales; en compensación por no poder participar, recomendó a Echo, la primera, para que lo reemplazara. En los días previos a los acontecimiento de la guerra entre Vengadores y X-Men, motivados por el advenimiento de la Fuerza Fénix en busca de Hope, Daredevil se unió finalmente a los Nuevos Vengadores para luchar en su bando."
	}, 
	
	{
	"imagen":"http://blogdesuperheroes.es/wp-content/plugins/BdSGallery/BdSGaleria/27213.jpg",
	"titulo":"DAREDEVIL",
		"idcomic":"62",
	"fecha":"1963",
	"genero":"aventura",
	"personaje":"Daredevil",
	"empresa":"marvel",
	"idioma":"inglés",
	"cultura":"americana",
	"sinopsis":"Al haber perdido la vista, los cuatro sentidos restantes de Daredevil fueron aumentados por la radiación a niveles superhumanos, en el accidente que tuvo cuando era niño. A pesar de su ceguera, puede ue le sirve como un radar similar al de los murciélagos, llamado ecolocalización. Su oído privilegiado tiene una sensibilidad que alcanza niveles realmente asombrosos, contribuyendo de manera decisiva a su prodigiosa capacidad acrobática (sentido superdesarrollado de equilibrio) o convirtiéndolo en un auténtico detector de mentiras humano, detectando la veracidad o la mentira de las palabras por las variaciones en el ritmo cardíaco del interlocutor. Daredevil ha sido a menudo requerido por esta habilidad, como en el caso en el que el Capitán America le pidió ayuda para interrogar a X-23/Laura Kinney por sus múltiples asesinatos selectivos bajo las órdenes de una organización asociada al Programa Arma-X, o a Cross-Bones por haber asesinado al Capitán América; este último pedido estuvo a cargo de Wolverine, a pesar de que él también goza de sentidos ampliados por su mutación, si bien reconoce la superioridad de Matt en este campo."
	}, 
	
	{
	"imagen":"http://static.batanga.com/sites/default/files/styles/large/public/comics.batanga.com/files/La-portada-del-dia-Daredevil-183-2.jpg?itok=gXJN5CVP",
	"titulo":"DAREDEVIL",
		"idcomic":"63",
	"fecha":"1963",
	"genero":"aventura",
	"personaje":"Daredevil",
	"empresa":"marvel",
	"idioma":"inglés",
	"cultura":"americana",
	"sinopsis":"Su sentido del tacto también está, por supuesto, extraordinariamente desarrollado, lo que ayuda a la lectura de periódicos o a su ya prodigiosa fuerza, y le permite controlar perfectamente la presión que ejerce y el punto exacto de equilibrio de los objetos en relación a su propio cuerpo. Igualmente, le otorga un control perfecto sobre éste, que deriva en un equilibrio y agilidad espectaculares que le convierten en un soberbio acróbata urbano, que se desplaza a gran velocidad por las alturas, balanceándose con su cable colgado de los rascacielos y edificios de la ciudad. Hay que señalar que, entre los superhéroes, se considera a Daredevil como el mejor acróbata que existe, igualando en ese sentido al Capitán América, y superando a El Hombre Araña, Puño de Hierro, Deadpool, Elektra, Viuda Negra, Punisher e incluso al ya de por sí asombroso Pantera Negra, e igualando en precisión a Ojo de Halcón."
	}
]