[

	{
	"imagen":"http://images.comiccollectorlive.com/covers/92d/92d2f93b-3946-468f-8f7e-ababf69a768a.jpg",
	"titulo":"FLASH",
		"idcomic":"70",
	"fecha":"1952",
	"genero":"Ciencia Ficciòn",
	"personaje":"FLASH",
	"empresa":"DC COMICS",
	"idioma":"inglés",
	"cultura":"americana",
	"sinopsis":"es un superhéroe ficticio que aparece en cómics estadounidenses publicados por DC Comics. Creado por el escritor Gardner Fox y el artista Harry Lampert, el Flash original apareció por primera vez en Flash Comics #1 (enero de 1940). Todas las encarnaciones de Flash poseen súper velocidad, que incluye la habilidad de correr y moverse extremadamente rápido, gran fuerza, usar reflejos sobrehumanos, y aparentemente violar ciertas leyes de la física. Hasta el momento, cuatro personajes diferentes—cada uno de los cuales de alguna manera adquirieron el poder de la súper velocidad—han asumido la identidad de Flash: Jay Garrick (1940–presente), Barry Allen (1956–1985, 2008–presente), Wally West (1986–2006, 2007–2012, 2013–presente), y Bart Allen (2006-2007). Antes de la ascensión de Wally y Bart al manto de Flash, fueron Kid Flash (Bart también era conocido como Impulso)."
	},
	
	{
	"imagen":"http://media.comicbook.com/uploads1/2015/01/flash-197-cover-118502.jpg",
	"titulo":"FLASH",
		"idcomic":"71",
	"fecha":"1952",
	"genero":"Ciencia Ficcion",
	"personaje":"FLASH",
	"empresa":"DC COMICS",
	"idioma":"inglés",
	"cultura":"americana",
	"sinopsis":"La segunda encarnación de Flash, Barry Allen, es parte de la Edad de Plata de los Cómics. Cada versión de Flash ha sido un miembro clave de al menos uno de los principales equipos de DC: la Sociedad de la Justicia de América, la Liga de la Justicia, y los Jóvenes Titanes. La tercera encarnación del personaje, Wally West, es el Flash de la edad moderna tras la muerte de Barry Allen. Fue el único que supo dominar la fuerza de la velocidad. Hasta el 2011, sus poderes superaban a los de sus predecesores.1 2"
	}, 
	
	{
	"imagen":"https://s-media-cache-ak0.pinimg.com/564x/c1/65/c1/c165c12472a6242b260a039a13184801.jpg",
	"titulo":"FLASH",
		"idcomic":"72",
	"fecha":"1952",
	"genero":"Ciencia Ficcion",
	"personaje":"FLASH",
	"empresa":"DC COMICS",
	"idioma":"inglés",
	"cultura":"americana",
	"sinopsis":"La versión de Barry Allen del personaje (con elementos de Wally West) apareció en una serie de televisión de acción en vivo, titulada simplemente The Flash, en 1990, protagonizada por John Wesley Shipp. La versión de Wally West de Flash (pero con elementos de la historia de Barry Allen) aparece en la serie animada Justice League Las cuatro encarnaciones del personaje han aparecido en la serie animada Young Justice, con la versión de Wally West de Kid Flash como uno de los personajes principales."
	}, 
	
	{
	"imagen":"https://s-media-cache-ak0.pinimg.com/564x/e3/45/47/e345470d0978882058345df7015e10c1.jpg",
	"titulo":"FLASH",
		"idcomic":"73",
	"fecha":"1952",
	"genero":"Ciencia Ficcion",
	"personaje":"FLASH",
	"empresa":"DC COMICS",
	"idioma":"inglés",
	"cultura":"americana",
	"sinopsis":"El primer Flash apareció en Flash Comics n°1 (1940).3 Su nombre era Jay Garrick, un estudiante que obtuvo sus superpoderes tras inhalar gases en la universidad, y se distinguía por usar un casco de metal. Fue el primer superhéroe en tener rapidez sobrehumana, además de ser el primero en tener un superpoder singular, a diferencia de Superman que tenía varios.4 5 6 Garrick fue muy popular en los años 40, teniendo dos historietas donde era protagonista, y además fue parte durante largo tiempo de la Sociedad de la Justicia de América.7 Las aventuras de Garrick en la Era Dorada de los cómics llegó a su fin. años antes, DC Comic decidió reintroducir a algunos supermodelos de la Era plateada, pero cambiándolos y dándoles una nueva apariencia. Flash volvió en 1956 con Showcase n°4.8 Después de otras apariciones en Showcase, Allen obtuvo su propio cómic; siguiendo con el título anterior su primera aparición fue en The Batman n° 105. Con la Edad de Dorada y el renacimiento de antiguos superhéroes, se creó otro grupo llamado Liga de la Justicia de América, en la cual Flash era miembro."
	}, 
	
	{
	"imagen":"http://vignette4.wikia.nocookie.net/marvel_dc/images/c/c6/Flash_Comics_6.jpg/revision/latest?cb=20090101131240",
	"titulo":"FLASH",
		"idcomic":"74",
	"fecha":"1952",
	"genero":"Ciencia Ficcion",
	"personaje":"FLASH",
	"empresa":"DC COMICS",
	"idioma":"inglés",
	"cultura":"americana",
	"sinopsis":"Más tarde se descubriría que Garrick y Allen se encontraban en mundos paralelos, y que por medio de sus poderes podían ir de un mundo al otro (véase El Flash de dos mundos), e incluso viajar por el tiempo. De este modo, ambos se convirtieron en buenos amigos hasta los años 80.9 Las aventuras de Allen terminaron en Crisis on Infinite Earths (Crisis en las Tierras Infinitas) n° 8 (1986), ya que la historia se había vuelto muy confusa y se tomó la decisión de pasar la identidad a otro personaje. Sin embargo, con su habilidad de viajar por el tiempo Allen es visto una que otra vez en las páginas de los cómics que produjeron en el futuro.10 El tercer Flash fue Wally West. Su primera aparición fue en The Flash n° 110 (1959) como Kid Flash.11 West era el sobrino de Allen, y ganó sus poderes de la misma forma que él. Fue parte de los Teen Titans durante años.12 Después de la muerte de Allen, West adoptó la identidad de Flash en Crisis on Infinite Earths n° 12 y tuvo su propia historieta: The Flash (volumen 2) (1987-act.). Desde entonces, los Flash han sido personas claves en las numerosas crisis que atraviesan la historia de DC Comics(Crisis on Infinite Earths, Crisis Infinita, Crisis Final).13"
	}, 
	
	{
	"imagen":"http://static1.squarespace.com/static/539dffebe4b080549e5a5df5/53acb6d5e4b09819e540d7d0/540653cde4b0f42903485353/1459791632322/?format=1000w",
	"titulo":"FLASH",
		"idcomic":"75",
	"fecha":"1952",
	"genero":"Ciencia Ficcion",
	"personaje":"FLASH",
	"empresa":"DC COMICS",
	"idioma":"inglés",
	"cultura":"americana",
	"sinopsis":"Jay Garrick era un estudiante en el año 1940 (por lo que su nacimiento es ubicado en 1922) quien inhaló una sustancia química, y como resultado de ello recibió súper velocidad y reflejos sobrehumanos. Después de una gran carrera como estrella de fútbol americano, se convirtió en Flash usando una camiseta roja con el dibujo de un rayo y un casco de metal con alas (diseño basado en Mercurio), tras lo cual comenzó a luchar contra el crimen. Jay no necesitaba máscara ya que su cuerpo vibraba a gran velocidad; debido a esto, al tomarle una fotografía, ésta salía borrosa y su rostro no podía distinguirse. Flash fue muy popular durante la Edad de Oro de los superhéroes. Fue uno de los fundadores de la Sociedad de la Justicia y un gran luchador contra el crimen en los años 40."
	}, 
	
	{
	"imagen":"http://vignette4.wikia.nocookie.net/marvel_dc/images/b/b7/Flash_Comics_54.jpg/revision/latest?cb=20090101134940",
	"titulo":"FLASH",
		"idcomic":"76",
	"fecha":"1952",
	"genero":"Ciencia Ficcion",
	"personaje":"FLASH",
	"empresa":"DC COMICS",
	"idioma":"inglés",
	"cultura":"americana",
	"sinopsis":"Jay se retiró provocando que la SJA se disolviera, pero en 1961 Jay salió de su retiro y conoció al Flash del mundo paralelo, es decir, a Barry Allen. Jay siguió luchando contra el crimen, y aunque cronológicamente debería representar 80 años, tiene sólo 50 debido a algunos experimentos; de esta manera se ha mantenido vigente y ha continuado con la tarea abandonada por otros superhéroes. Luego de la muerte de Barry Allen y de la desaparición de Wally West en Crisis Infinita, Jay se convirtió nuevamente en el hombre más rápido, al ser el único Flash vivo y el único ser dependiente de la Speedforce. Cuando Bart regresó, absorbió involuntariamente la Fuerza de la Velocidad, convirtiéndose en el hombre más rápido. Jay se convirtió en una especie de guía para Bart y en un protector de la familia de Wally y de Iris West, la esposa de Barry. Jay logró entender que a partir de que Bart corrompió la Speedforce(entró y salió) el último velocista que aparezca tendrá el poder de controlar la Speedforce. Luego de la muerte de Bart se produce un efecto de ingeniería inversa que trae a la vida a Barry Allen, a Wally West, a Max Mercury y a Johnny Quick. Jay se ha convertido en uno de los más grandes héroes por el hecho de seguir vigente a pesar de su avanzada edad y de convertirse en un miembro importante dentro de la Liga. Luego del regreso de Barry Allen y de Wally West, Jay junto con Barry se convierten en los Flash principales, mientras Wally se dedica a combatir el crimen en menor medida."
	}, 
	
	{
	"imagen":"https://d1466nnw0ex81e.cloudfront.net/n_iv/600/789847.jpg",
	"titulo":"FLASH",
		"idcomic":"77",
	"fecha":"1952",
	"genero":"Ciencia Ficcion",
	"personaje":"FLASH",
	"empresa":"DC COMICS",
	"idioma":"inglés",
	"cultura":"americana",
	"sinopsis":"Evento que sorprendió a todo el universo DC, cuando Barry Allen por tratar de salvarle la vida o mejor, tratar de devolverle la vida a su madre, recién asesinada por el Profesor Zoom Eobard Thawne provoca una alteración en la línea de la historia provocando unos sucesos que terminarían en un Flash con su vida y la de sus seres queridos, luego de estar sin poderes por un día y recuperarlos con la recreación del accidente (debido a al alteración de la historia), y al pensar que había sido Eobard Thawne quien había alterado la historia al matar a su madre, provocó un fenómeno cataclísmico denominado Flashpoint, en el cual el mundo había sido alterado y las historias de todo el universo DC habían sido cambiadas por solo haber incurrido en la alteración de la historia, por lo cual decide que la única forma de reparar su propio error es correr a la velocidad más rápida que haya alcanzado posible, y con los poderes transferidos y/o fusionados de todos los velocistas conocidos del Universo DC y que en su mayoría estaban ligados a la Speed Force, le dieron suficientes fuerzas para impedirse así mismo que evitara salvar a su propia madre de las manos del Profesor Zoom, y después de charlas momentáneamente con su madre que le dejara ir, se le apareció un misterioso ser, el cual le indicaba que para restaurar la realidad debía escoger sabiamente la línea temporal a cual seguir, entre las que le mostraba lo que sería el Reinicio del Universo DC y otras realidades temporales alternas como gente que el desconocía procedente del Universo Wildstorm así como su propia línea temporal original, pero el cual si tomaba ella recurriría a serias paradojas que muy probablemente podrían destruir por completo la realidad, al final, recolectó con su fuerza de velocidad y restauró el Universo DC inmersándolo en una nueva realidad, lo cual borraría muchos personajes conocidos de la Edad de Oro, así como estableciendo una fusión de elementos tomados de algunos universos paralelos para restaurar la continuidad del tiempo y espacio, recreando el Universo DC desde un nuevo comienzo, y hasta el momento el universo DC había cambiado para siempre."
	}, 
	
	{
	"imagen":"http://vignette1.wikia.nocookie.net/marvel_dc/images/d/db/Flash_Comics_78.jpg/revision/latest?cb=20090101135456",
	"titulo":"FLASH",
		"idcomic":"78",
	"fecha":"1952",
	"genero":"Ciencia Ficcion",
	"personaje":"FLASH",
	"empresa":"DC COMICS",
	"idioma":"inglés",
	"cultura":"americana",
	"sinopsis":"Todos los Flash poseen ciertas habilidades comunes, como moverse, pensar y reaccionar a velocidades sobrehumanas. Además todos ellos poseen la capacidad de vibrar tan rápidamente que pueden atravesar materia sólida, por ejemplo, muros. También se aceleran sus procesos biológicos, por lo que tiene la capacidad de sanar rápidamente de cualquier herida y fractura. Un efecto secundario es tener un metabolismo acelerado generado por los poderes de súpervelocidad, por lo que frecuentemente requieren consumir enormes cantidades de comida para mantener su energía Barry Allen posee absoluto control sobre sus moléculas: Al ser transformado una vez en espejo, Allen fue capaz de derretirse y reconstituirse en su forma humana. Aunque todos los Flash reciben sus poderes de la Fuerza de la Velocidad, Wally West posee una conexión directa a ella, y por esto no se le puede restringir su uso de la misma. West es capaz de utilizar la Fuerza de la Velocidad para crearse un traje, e incluso otorgar o quitar velocidad a otras personas u objetos en movimiento (Jay Garrick ha mostrado tener cierto grado de manejo de esta habilidad). También provocaba que aquellos objetos a través de los que vibraba explotaran, aunque recientemente ha podido evitar este efecto secundario. West puede además, aunque no con la misma precisión que Barry Allen cuando utilizaba su caminadora cósmica, viajar a través del tiempo y de las dimensiones por medio de su propio poder, de forma similar a Allen en Showcase número 4 (1956). Sin embargo, West actualmente acelera al punto de bordear la dimensión de la Fuerza de la Velocidad, y además puede viajar por el tiempo a puntos específicos al volverse éstos visibles (aunque necesita identificar la vibración característica de algún velocista en ese período, o estar familiarizado con la vibración del mismo). Es por lo demás el único velocista capaz de sobrevivir tras haber corrido a la velocidad de la luz; todos los demás han muerto o han sido absorbidos por la Fuerza de la Velocidad. Luego de la muerte de West y el regreso de Bart, éste último absorbe involuntariamente la Speedforce pudiendo ir a velocidades superiores a la de otros velocistas e inclusive administrar la fuerza, trayendo de nuevo a los atrapados en la Speedforce; pero Bart fue asesinado por los Villanos y entonces su poder queda posiblemente en manos de Wally, quien regresó a la vida. El único consciente de que Bart tenía esta habilidad era Jay Garrick, pero no le quiso decir nada dado que al viajar a grandes velocidades podría complicar la existencia de los atrapados."
	}

]