[

	{
	"imagen":"http://static.comicvine.com/uploads/scale_large/6/67663/2185976-01a.jpg",
	"titulo":"IRONMAN",
		"idcomic":"89",
	"fecha":"1962",
	"genero":"Ciencia Ficcion",
	"personaje":"Iron Man",
	"empresa":"marvel",
	"idioma":"inglés",
	"cultura":"americana",
	"sinopsis":"Anthony Edward Tony Stark o mejor conocido como El Hombre de Hierro u originalmente Iron Man, es un superhéroe que aparece en los cómics publicados por Marvel Comics. El personaje fue creado por el guionista y editor Stan Lee, desarrollado por el guionista Larry Lieber, y diseñado por los artistas Don Heck , Jack Kirby y Adrian Alvarez . Hizo su primera aparición en Tales of Suspense #39 (marzo de 1963)."
	},
	
	{
	"imagen":"http://vignette3.wikia.nocookie.net/marvel/images/1/12/MARVEL_COMIC_BOOKS_INVINCIBLE_IRON_MAN_ISSUE_47.jpg/revision/latest?cb=20110901143325&path-prefix=es",
	"titulo":"IRONMAN",
		"idcomic":"90",
	"fecha":"1962",
	"genero":"Ciencia Ficcion",
	"personaje":"Iron Man",
	"empresa":"marvel",
	"idioma":"inglés",
	"cultura":"americana",
	"sinopsis":"ony Stark es un exitoso multimillonario, empresario e ingeniero, con una lujosa vida y una enorme fortuna gracias a sus inventos y a la herencia de su padre, pero su vida toma un giro repentino cuando es secuestrado por un grupo terrorista y sufre una grave lesión en el pecho cuando un fragmento de metralla se clava cerca de su corazón y amenaza con matarlo, sus captores tratan de obligarlo a construir un arma de destrucción masiva para ellos. Él crea en su lugar una poderosa armadura de hierro con armas incorporadas en el que él se metería para salvar su vida y escapar de su cautiverio. Tony escapa y decide reconstruir su armadura, convirtiéndose así en El Hombre de Hierro utilizando luego la armadura para volverse un héroe y proteger al mundo. A través de su corporación ―Industrias Stark― Tony ha creado muchas armas militares, algunas de las cuales, junto con otros dispositivos tecnológicos de su invención, se han integrado en su armadura, ayudándolo a luchar contra el crimen. Inicialmente, Iron Man era un vehículo para Stan Lee con el fin de explorar temas de la Guerra Fría, particularmente con el papel de la tecnología y los negocios estadounidenses en la lucha contra el comunismo. Después de re-imaginar a Iron Man, este fue trasladado de los temas de la Guerra Fría a los temas contemporáneos, como la delincuencia y el terrorismo."
	}, 
	
	{
	"imagen":"https://4.bp.blogspot.com/-bFNe94LDFOM/VwvzYOZzCEI/AAAAAAAAcYE/dAHvktBiIFc3ilLxlAO05G3gkBhipa_UQ/s1600/tumblr-o5bv35hHmz1rx5px6o1-1280-e4d12.jpg",
	"titulo":"IRONMAN",
		"idcomic":"91",
	"fecha":"1962",
	"genero":"Ciencia Ficcion",
	"personaje":"Iron Man",
	"empresa":"marvel",
	"idioma":"inglés",
	"cultura":"americana",
	"sinopsis":"Durante la mayor parte de la historia de la publicación del personaje, Iron Man ha sido miembro del equipo de superhéroes de los Vengadores y ha aparecido en varias encarnaciones de sus diversas series de cómics. Iron Man ha sido adaptado para varios programas de televisión y películas animadas. El personaje fue interpretado por Robert Downey Jr. en la película Iron Man (2008), la cual fue un éxito en crítica y en taquilla. Downey, quien recibió mucha aclamación por su actuación, volvió a interpretar el papel en Iron Man 2 (2010), en Los Vengadores (2012), Iron Man 3 (2013), Avengers: Age of Ultron (2015) y Captain America: Civil War (2016), e hizo un cameo en El Increíble Hulk (2008). También hay diversos videojuegos sobre el personaje. Iron Man estuvo en el puesto 12 en el Top 100 de IGN sobre los héroes de los cómics en 2011."
	}, 
	
	{
	"imagen":"http://static.batanga.com/sites/default/files/styles/large/public/comics.batanga.com/files/La-Portada-del-Dia-The-Invincible-Iron-Man-128-1.jpg?itok=rtKp2w9b",
	"titulo":"IRONMAN",
		"idcomic":"92",
	"fecha":"1962",
	"genero":"Ciencia Ficcion",
	"personaje":"Iron Man",
	"empresa":"marvel",
	"idioma":"inglés",
	"cultura":"americana",
	"sinopsis":"El debut de Iron Man fue una colaboración del guionista y editor Stan Lee, el guionista Angel Leonardo, el artista Don Heck, y el diseñador de personajes Jack Kirby. Algunas evidencias demuestran que Iron Man tiene raíces en un Hombre de Hierro anterior creado por Norvell W. Page (escrito bajo el nombre de Grant Stockbridge), quien lleva una armadura robótica y lanza rayos de energía desde sus palmas, para su novela Satan's Murder Machines, apareciendo originalmente en diciembre de 1939 en la revista The Spider. De acuerdo con su historia oficial, Stan Lee leyó con avidez la revista The Spider.1"
	}, 
	
	{
	"imagen":"http://laarcadiadeurias.net/wp-content/uploads/2012/03/ironman.jpg",
	"titulo":"IRONMAN",
		"idcomic":"93",
	"fecha":"1962",
	"genero":"Ciencia Ficcion",
	"personaje":"Iron Man",
	"empresa":"marvel",
	"idioma":"inglés",
	"cultura":"americana",
	"sinopsis":"Mientras observaba los efectos de su tecnología experimental en el esfuerzo bélico estadounidense, Tony Stark es herido por una bomba y capturado por Wong-Chu, quien le ordena diseñar armas. Sin embargo, las lesiones de Stark son graves y la metralla se dirige a su corazón. Su compañero prisionero, Ho Yinsen, un físico ganador del Premio Nobel, cuyo trabajo se había ganado la admiración de Stark en el colegio, construye una placa pectoral magnética para evitar que la metralla alcance el corazón de Stark, manteniéndolo vivo. En secreto, Stark y Yinsen utilizan el taller para diseñar y construir una armadura de poder, la cual utiliza Stark para escapar. Sin embargo, durante el escape, Yinsen sacrifica su vida para salvar a Stark, distrayendo al enemigo para que Tony recargara. Stark se venga de sus secuestradores y escapa para reunirse con las fuerzas estadounidenses, conociendo en su camino a un piloto herido de la marina estadounidense, a quienes finalmente les revela su identidad secreta."
	}, 
	
	{
	"imagen":"http://blogmarvelcomics.com/marvel/wp-content/uploads/2015/02/ironman03.jpg",
	"titulo":"IRONMAN",
		"idcomic":"94",
	"fecha":"1962",
	"genero":"Ciencia Ficcion",
	"personaje":"Iron Man",
	"empresa":"marvel",
	"idioma":"inglés",
	"cultura":"americana",
	"sinopsis":"Mientras observaba los efectos de su tecnología experimental en el esfuerzo bélico estadounidense, Tony Stark es herido por una bomba y capturado por Wong-Chu, quien le ordena diseñar armas. Sin embargo, las lesiones de Stark son graves y la metralla se dirige a su corazón. Su compañero prisionero, Ho Yinsen, un físico ganador del Premio Nobel, cuyo trabajo se había ganado la admiración de Stark en el colegio, construye una placa pectoral magnética para evitar que la metralla alcance el corazón de Stark, manteniéndolo vivo. En secreto, Stark y Yinsen utilizan el taller para diseñar y construir una armadura de poder, la cual utiliza Stark para escapar. Sin embargo, durante el escape, Yinsen sacrifica su vida para salvar a Stark, distrayendo al enemigo para que Tony recargara. Stark se venga de sus secuestradores y escapa para reunirse con las fuerzas estadounidenses, conociendo en su camino a un piloto herido de la marina estadounidense, a quienes finalmente les revela su identidad secreta. Mientras tanto, James Rhodes encuentra su propio lugar como el piloto personal de Stark, revelándose como un hombre de extraordinaria habilidad y audacia. El cómic tuvo una postura anti-comunista en sus primeros años, que se suavizó conforme subió la oposición a la Guerra de Vietnam. Este cambio se desarrolló en una serie de historias con Stark profundamente reconsiderando sus opiniones políticas y la moralidad de la fabricación de armas para los militares. Stark, sin embargo, se muestra algunas veces, como alguien arrogante y dispuesto a que el fin justifique los medios. Esto lleva a conflictos personales con la gente que le rodea, tanto en su identidad civil como en la comunidad de superhéroes. Stark utiliza su fortuna personal, no solo para equipar su armadura, sino también para desarrollar armas para S.H.I.E.L.D. y otras tecnologías, como el Quinjet utilizado por los Vengadores, y los inductores de imagen utilizados por los X-Men."
	}
]