[

	{
	"imagen":"http://1.bp.blogspot.com/-SdoRnOIc0rw/VlYB01BRkFI/AAAAAAAADKA/dvyTb3aWa3w/s1600/Punisher_Vol_8_1.jpg",
	"titulo":"El castigador, Punisher",
		"idcomic":"64",
	"fecha":"1974",
	"genero":"aventura",
	"personaje":"PUNISHER",
	"empresa":"marvel",
	"idioma":"inglés",
	"cultura":"americana",
	"sinopsis":"The Punisher (en español, Castigador) es un justiciero y un antihéroe ficticio del universo de Marvel Comics. Creado en 1974 por el guionista Gerry Conway y los dibujantes John Romita Sr. y Ross Andru, su primera aparición fue en The Amazing Spider-Man n.º 129 (febrero de 1974) como antagonista y rival de Spider-Man. Aunque a veces es considerado un héroe, Punisher es un justiciero salvaje y despiadado que considera matar, secuestrar, extorsionar, amenazar y torturar como tácticas aceptables de lucha contra el crimen. Aunque siempre de una manera que no perjudique a las personas inocentes o civiles, en donde su preocupación es tal que planea siempre cada paso para no dañarles, con estrategia militar usada a la perfección. Tras la muerte de su esposa e hijos, asesinados por la mafia cuando atestiguaron una ejecución de gángsters en Central Park de Nueva York, Frank Castle emprende una guerra personal contra los criminales, usando toda clase de tácticas y armamento. Como veterano de guerra, Frank es un maestro de artes marciales, infiltración, combate cuerpo a cuerpo, planificación estratégica y tiene un amplio conocimiento sobre numerosos tipos de armas."
	},
	
	{
	"imagen":"http://4.bp.blogspot.com/_lwXTn2UJuss/TJx93hF3I5I/AAAAAAAAB-0/0RLh6cBsr5I/s1600/PUNISHEREM001_2009_hi_res_col_000.jpg",
	"titulo":"El castigador, Punisher",
		"idcomic":"65",
	"fecha":"1974",
	"genero":"aventura",
	"personaje":"PUNISHER",
	"empresa":"marvel",
	"idioma":"inglés",
	"cultura":"americana",
	"sinopsis":"La voluntad y la naturaleza brutal de Punisher para matar lo hicieron un gran personaje en los cómics americanos de 1974. A finales de los 80 se vendían varias series mensuales como Punisher: Diario de guerra, Punisher: Zona de guerra y El arsenal de Punisher. Apareció en varios episodios de la serie televisiva de Spider-Man de 1994. También cuenta con tres películas: The Punisher (1989) con Dolph Lundgren como protagonista, The Punisher (2004) con Thomas Jane y Punisher: War Zone (2008) con Ray Stevenson. Para la serie de Netflix Marvel's Daredevil es interpretado por Jon Bernthal, el cual también tendrá su propia serie, la cual podría estrenarse en algún momento del 20171 ."
	}, 
	
	{
	"imagen":"http://cdn1.sciencefiction.com/wp-content/uploads/2012/05/The-Punisher_11-674x10241.jpg",
	"titulo":"El castigador, Punisher",
		"idcomic":"66",
	"fecha":"1974",
	"genero":"aventura",
	"personaje":"PUNISHER",
	"empresa":"marvel",
	"idioma":"inglés",
	"cultura":"americana",
	"sinopsis":"Punisher es muy similar a Mack Bolan, también conocido como el Ejecutor, un personaje creado en 1969 por el escritor Don Pendleton para una serie de historias tituladas Guerra contra la Mafia. Pero hay varias diferencias visibles entre Bolan y Castle: Bolan no tenía una esposa e hijos, ni su familia fue asesinada directamente por criminales. En su lugar, la hermana de Bolan ejercía la prostitución, inducida por un jefe de la mafia, y el padre de Bolan, acosado por deudas de juego, había matado a su propia esposa, a su hijo (hermano de Bolan) y casi a su hermana, antes de suicidarse utilizando la misma arma. El personaje de Pendleton también tenía relaciones más numerosas y más íntimas con las mujeres que las que Punisher ha tenido, a menudo acostándose con varias en el espacio de una historia. En cambio, Castle no ha tenido casi ningún asunto romántico desde la muerte de su esposa. Además, Frank confía más en el combate cuerpo a cuerpo que Bolan."
	}, 
	
	{
	"imagen":"http://www.saltmanz.com/pictures/albums/Cover%20Scans/Comic%20Covers/Punisher%20War%20Zone%2010.jpg",
	"titulo":"El castigador, Punisher",
		"idcomic":"67",
	"fecha":"1974",
	"genero":"aventura",
	"personaje":"PUNISHER",
	"empresa":"marvel",
	"idioma":"inglés",
	"cultura":"americana",
	"sinopsis":"Punisher fue creado por Gerry Conway y Ross Andru, que eran entonces el escritor y el dibujante regular, respectivamente, en la colección The Amazing Spider-Man, con la colaboración del director artístico de Marvel John Romita Sr. que trabajaba en el diseño formal. Conway afirma que también ayudó en el diseño del característico traje del personaje: «En los años 70, como guionista de cómics para DC y Marvel, tenía como costumbre realizar bocetos de mis propias ideas para los trajes de nuevos personajes (héroes y delincuentes) que ofrecía a los dibujantes como referencia de la imagen que tenía en mente. Había hecho eso con Punisher en Marvel». [cita requerida]Conway había dibujado un personaje con una pequeña calavera en un pecho. John Romita Sr. (que era entonces director artístico de Marvel) aumentó enormemente el tamaño de la misma, de modo que ocupaba la mayor parte del pecho, y le añadió en la cintura una canana que formaba los dientes de la calavera.Punisher era en su primera aparición un antagonista de Spider-Man debido al engaño urdido por el supervillano Chacal. El personaje ganó inmediatamente popularidad e hizo varias apariciones más en otros títulos de Spider-Man y series de la década de 1970."
	}, 
	
	{
	"imagen":"http://ifanboy.com/wp-content/uploads/2011/10/The-Punisher_4-674x1024.jpg",
	"titulo":"El castigador, Punisher",
		"idcomic":"68",
	"fecha":"1974",
	"genero":"aventura",
	"personaje":"PUNISHER",
	"empresa":"marvel",
	"idioma":"inglés",
	"cultura":"americana",
	"sinopsis":"Frank Castle es un ex marine que tenía una vida ordinaria con su mujer e hijos. Él, su esposa y sus hijos fueron de paseo al Central Park, donde fueron testigos de un golpe de la mafia, por lo tanto los cuatro fueron abatidos por la mafia y él fue el único superviviente. Escapó milagrosamente con vida y juró castigar a los responsables. Desde ese momento, Frank Castle se decidió a iniciar una guerra abierta contra el crimen, utilizando para ello métodos que no siempre se encuentran dentro de la ley.Castle desapareció durante varios meses, siendo insumiso en los Marines. Durante el tiempo que estuvo desaparecido, acumuló recursos y armas. Cuando resurgió, había adaptado sus habilidades de lucha para realizar una guerra de un solo hombre contra el crimen. Una guerra donde no se haría prisioneros. Castle, como primera misión, asesinó a los criminales que habían matado a su mujer e hijos. Frank ha coincidido en varias ocasiones con otros héroes disfrazados de Nueva York, como Spider-Man y Daredevil, a quienes considera una mezcla de desorden y molestias. Según su forma de verlo, él es el único que marca la diferencia, erradicando de manera definitiva el crimen. Cree que los demás simplemente ponen vendajes en las heridas. Aunque Frank Castle ha cooperado en alguna ocasión con ellos, Spider-Man y Daredevil son polos opuestos en sus respectivas formas de ver el crimen y el castigo, y con frecuencia luchan cuando se encuentran. De alguna forma, Castle disfruta siendo el antagonista de Daredevil, a quien considera la representación del sistema legal de la nación. Algunos policías no lo detienen al verlo, ya que prefieren ocuparse de los verdaderos criminales antes de encarcelar, según algunos, a quien limpia la ciudad."
	}, 
	
	{
	"imagen":"http://www.saltmanz.com/pictures/albums/Cover%20Scans/Comic%20Covers/Punisher%20War%20Zone%203.jpg",
	"titulo":"El castigador, Punisher",
		"idcomic":"69",
	"fecha":"1974",
	"genero":"aventura",
	"personaje":"PUNISHER",
	"empresa":"marvel",
	"idioma":"inglés",
	"cultura":"americana",
	"sinopsis":"Aun así, Punisher ha sido encarcelado muchas veces por sus crímenes, pero siempre encuentra alguna forma de escapar, ya sea por sus propios medios o con ayuda de guardias que simpatizan con su forma de actuar. Incluso en prisión, Castle ha continuado asesinando criminales. A través de los años, otras personas con sentimientos parecidos o que han perdido a alguien querido en circunstancias comparables han colaborado con Punisher. Oficiales de policía y fiscales, frustrados con las limitaciones del sistema legal, han ayudado a Punisher proporcionándole información sobre criminales o cerrando los ojos ante sus acciones. Él prefiere mantener estas interacciones al mínimo, llegando incluso a asesinar a varios de esos justicieros imitadores. Su misión y su filosofía son simples, por eso está solo. Punisher no busca seguidores o compañeros.Al haber expandido, desde hace tiempo, su misión de una venganza personal a la exterminación de todos los criminales, Castle comprende perfectamente que su cruzada nunca acabará hasta el día que muera. Es tan disciplinado ahora como cuando era Marine: recopila información, establece objetivos y planifica sus operaciones hasta el menor detalle. Es virtualmente imposible sorprender a Castle con la guardia baja. Aunque las autoridades y las grandes familias mafiosas de Nueva York conocen su existencia, Punisher continúa rodeado de la mística de una leyenda urbana. Para muchos criminales, él es la pesadilla definitiva, obsesionado y completamente imparable."
	}

]