[

	{
	"imagen":"http://static5.comicvine.com/uploads/scale_large/3/38919/1417096-marvel_adventures_spider_man_6.jpg",
	"titulo":"Spiderman",
		"idcomic":"124",
	"fecha":"1976",
	"genero":"aventura",
	"personaje":"Spiderman",
	"empresa":"marvel",
	"idioma":"inglés",
	"cultura":"americana",
	"sinopsis":"Spider-Man (llamado Hombre Araña en muchas de las traducciones al español) es un personaje ficticio y un superhéroe que aparece en los libros e historietas publicados por Marvel Comics. Fue creado por Stan Lee y Steve Ditko. Su primera aparición fue en el número 15 de Amazing Fantasy en agosto de 1962. Lee y Ditko lo concibieron como un huérfano criado por su tío Ben y su tía May. Al ser adolescente, tiene que lidiar con todos los problemas típicos de un joven de su edad además de enfrentarse a los criminales con un disfraz rojo y azul. Entre sus superpoderes se encuentra una gran agilidad y flexibilidad, así como la capacidad de aferrarse a la mayoría de superficies. Además logró crear unos lanzatelarañas o lanzarredes. Otro de sus superpoderes principales es su «sentido arácnido» el cual le avisa cuando está en peligro."
	},
	
	{
	"imagen":"http://www.ovnipress.com.ar/wp-content/themes/shopperpress/thumbs/SUPERIOR%20SPIDER-MAN%2012%20COV%20ARG.jpg",
	"titulo":"Spiderman",
		"idcomic":"125",
	"fecha":"1976",
	"genero":"aventura",
	"personaje":"Spiderman",
	"empresa":"marvel",
	"idioma":"inglés",
	"cultura":"americana",
	"sinopsis":"Cuando Spider-Man apareció por primera vez en la década de 1960, los personajes adolescentes en los cómics no eran más que los ayudantes o los compañeros del héroe principal, como es el caso de Robin. Sin embargo a Stan y a Steve les desagradaba eso, así que optaron por hacer a su héroe principal un adolescente. Desde siempre su identidad secreta ha sido Peter Parker, un estudiante adolescente de secundaria muy listo, que a menudo era víctima del abuso estudiantil, además de ser muy solitario. Esto se hizo con la intención de que los lectores jóvenes pudieran compadecerse más con el personaje.2 "
	}, 
	
	{
	"imagen":"http://www.megacomics.net/VerComics/Spider-man-2099-(Marvel-Now).jpg",
	"titulo":"Spiderman",
		"idcomic":"126",
	"fecha":"1976",
	"genero":"aventura",
	"personaje":"Spiderman",
	"empresa":"marvel",
	"idioma":"inglés",
	"cultura":"americana",
	"sinopsis":"Como ya fue mencionado, Spider-Man no es protegido por otros superhéroes mayores, como el caso de Bucky Barnes, que era el pupilo del Capitán América o el ya mencionado Robin que era el fiel acompañante de Batman. Por esto Spider-Man tuvo que aprender por si mismo a lidiar con diversas situaciones. Si hay algo que él nunca olvidó es lo que su tío Ben le dijo poco antes de ser asesinado: «un gran poder conlleva a una gran responsabilidad».3 Marvel ha incluido a Spider-Man en varias series de cómics, e incluso ha tenido varias series propias, siendo la más importante The Amazing Spider-Man. Con los años, el personaje de Peter Parker ha pasado de ser un tímido empollón a un sobresaliente y carismático estudiante. En los años 2000 ya fue considerado como un adulto. A pesar de su gran capacidad intelectual no ha podido sobresalir ya que tiene que atender su papel como Spider-Man. A partir de 2011, se convirtió en un miembro de Los 4 Fantásticos (ahora llamada La Fundación del Futuro) y de los Nuevos Vengadores. En historias recientes, Peter Parker muere mientras su mente estaba en el cuerpo del Doctor Octopus; por tanto, este último vive en el interior del cuerpo de Parker, haciéndose llamar The Superior Spiderman. Sin embargo, Peter es capaz de volver y retomar el control total de su cuerpo, lidiando con las consecuencias producidas por su enemigo durante su ausencia..4"
	}, 
	
	{
	"imagen":"http://vignette4.wikia.nocookie.net/marveldatabase/images/d/de/Marvel_Adventures_Spider-Man_Vol_2_10.jpg/revision/latest?cb=20110321043023",
	"titulo":"Spiderman",
		"idcomic":"127",
	"fecha":"1976",
	"genero":"aventura",
	"personaje":"Spiderman",
	"empresa":"marvel",
	"idioma":"inglés",
	"cultura":"americana",
	"sinopsis":"pider-Man es uno de los superhéroes más populares y exitosos comercialmente.5 Y es conocido como la insignia de Marvel así como la mascota de dicha compañía, ha aparecido en muchas formas en los medios de comunicación, entre ellos varios programas de televisión ya sea de animación o acción en vivo, tiras cómicas del periódico, y una serie de películas protagonizadas por Tobey Maguire, así como un reinicio de esta franquicia protagonizada por Andrew Garfield.6 Reeve Carney ha encarnado a Spider-Man en el musical de Broadway de 2010 Spider-Man: Turn of the Dark.7 Spider-Man obtuvo el 3.er lugar en la lista de IGN de los mejores superhéroes de todos los tiempos. En Spider-Verse, se revela que sus poderes arácnidos y sus equivalentes de todas las realidades son la clave para el control total del Multiverso Marvel."
	}, 
	
	{
	"imagen":"http://www.zonanegativa.com/imagenes/2015/10/Spider-Man-2099-Cover.jpg",
	"titulo":"Spiderman",
		"idcomic":"128",
	"fecha":"1976",
	"genero":"aventura",
	"personaje":"Spiderman",
	"empresa":"marvel",
	"idioma":"inglés",
	"cultura":"americana",
	"sinopsis":"Jack Kirby, el mayor colaborador de Lee, fue quien recibió el encargo de dibujar aquella primera historia. Sin embargo, Lee no quedó demasiado conforme con el resultado. A su juicio, el Spider-Man diseñado por Kirby recordaba a otros héroes que este dibujaba: demasiado musculoso, similar al Capitán América. El encargo pasó entonces a manos de Steve Ditko, un artista más oscuro que Kirby, acostumbrado a dar vida a héroes misteriosos y poco habituales.c Ditko daría con la imagen definitiva de Spider-Man, desechando por completo el trabajo previo de Kirby, quien había usado un traje tradicional de superhéroe, así como una máscara parcial, unos guantes y unas botas de bucanero, y una especie de pistola que disparaba una telaraña. En su lugar, Ditko diseñó un traje reconocible desde cualquier punto de vista, muy original, de máscara cerrada y grandes ojos blancos, lo cual hacía de Spider-Man un héroe un tanto siniestro."
	}, 
	
	{
	"imagen":"http://static6.comicvine.com/uploads/scale_large/11/110017/2265937-marvel_adventures_spider_man__24_001.jpg",
	"titulo":"Spiderman",
		"idcomic":"129",
	"fecha":"1976",
	"genero":"aventura",
	"personaje":"Spiderman",
	"empresa":"marvel",
	"idioma":"inglés",
	"cultura":"americana",
	"sinopsis":"Primeros años A los pocos meses del debut de Spider-Man en el número 15 de Amazing Fantasy (10 de agosto de 1962), el director editorial, Martin Goodman, comprobó que las ventas de ese número habían sido espectaculares. Goodman ordenó a Lee que concediera de inmediato una colección propia al trepamuros, la cual se denominaría The Amazing Spider-Man y comenzaría su andadura con fecha de portada de marzo de 1963. Steve Ditko se mantendría como dibujante de la serie hasta el número 38, pero abandonaría tal tarea por diferencias creativas con Stan Lee.d Sería sustituido por John Romita Sr., quien dotaría a Spider-Man de un aire más romántico, haciéndolo más musculoso y seductor. Romita también modificaría el diseño de Gwen Stacy, un personaje secundario que pronto se convertiría en el gran amor de Peter Parker antes de su muerte e introduciría a Mary Jane Watson,e una divertida vecina de Peter con la que, muchos años después, terminaría casándose."
	}, 
	
	{
	"imagen":"http://static7.comicvine.com/uploads/scale_large/6/67663/2191300-42.jpg",
	"titulo":"Spiderman",
		"idcomic":"130",
	"fecha":"1976",
	"genero":"aventura",
	"personaje":"Spiderman",
	"empresa":"marvel",
	"idioma":"inglés",
	"cultura":"americana",
	"sinopsis":"Los años setenta A comienzos de los años setenta, una historia de Spider-Man obligó a la revisión del Comics Code, el mecanismo de censura de los cómics estadounidenses. Hasta ese momento, este código prohibía taxativamente la mención de las drogas, aunque fuera para hablar negativamente de ellas. Sin embargo, en aquel tiempo, el Departamento de Salud de los Estados Unidos se dirigió a Stan Lee para solicitarle que escribiera una historia con un mensaje en contra de las drogas, y que esa historia apareciera en uno de los cómics más vendidos de Marvel. Lee optó por hacer un arco argumental de tres números que aparecería en los números 96, 97 y 98 de The Amazing Spider-Man (mayo a julio de 1971). En la aventura, Harry Osborn, el mejor amigo de Peter Parker, se convertía en adicto al LSD. Aunque la historia dejaba claro su mensaje antidrogas, el Comics Code rechazó incluir su sello en ella. Stan Lee decidió entonces publicarla sin dicho sello, lo que motivó finalmente una flexibilización de las normas que lo regulaban."
	}, 
	
	{
	"imagen":"http://vignette3.wikia.nocookie.net/marveldatabase/images/0/05/Marvel_Adventures_Spider-Man_Vol_1_25.jpg/revision/latest?cb=20090328101654",
	"titulo":"Spiderman",
		"idcomic":"131",
	"fecha":"1976",
	"genero":"aventura",
	"personaje":"Spiderman",
	"empresa":"marvel",
	"idioma":"inglés",
	"cultura":"americana",
	"sinopsis":"En los setenta, tanto Stan Lee como John Romita abandonarían sus tareas en The Amazing Spider-Man, y, aunque pasarían a encargarse más tarde de las tiras de prensa del personaje, este recaería en otras manos: Las del joven guionista Gerry Conway, quien trabajaría con artistas como Ross Andru y escribiría dos de las más famosas historias del lanzarredes: La muerte de Gwen Stacy9 y La Saga del Clon10  En 1972 apareció una segunda serie de Spider-Man que se publicaría de manera paralela a Amazing. Se trataba de Marvel Team-Up, en la que Spider-Man compartía protagonismo con otros héroes de Marvel. En 1976 comenzaría su segunda serie en solitario, Peter Parker, The Spectacular Spider-Man, que entrecruzan sus historias con las de Amazing, centrándose sobre todo en la vida privada de Peter Parker."
	}, 
	
	{
	"imagen":"http://img2.wikia.nocookie.net/__cb20121130215025/marveldatabase/images/5/5d/Avenging_Spider-Man_Vol_1_15.jpg",
	"titulo":"Spiderman",
		"idcomic":"132",
	"fecha":"1976",
	"genero":"aventura",
	"personaje":"Spiderman",
	"empresa":"marvel",
	"idioma":"inglés",
	"cultura":"americana",
	"sinopsis":"El lanzamiento de un cuarto título en 1990, dibujado y escrito por Todd McFarlane,f un autor que se había colocado entre los favoritos de los fans con su labor gráfica previa en Amazing, fue saludado con un éxito de ventas: tres millones de ejemplares del primer número, aunque en gran medida se debía a la fuerte presencia de especuladores en el mercado del cómic estadounidense en los años noventa, un fenómeno que le llevaría a la mayor crisis de su historia, de la que solo comenzaría a recuperarse una década más tarde.[cita requerida] En 1999 se llevaría a cabo una drástica reconversión de la franquicia arácnida. La serie The Amazing Spider-Man, que llevaba publicándose desde 1963, sería cancelada en el número 441 (noviembre de 1998), para volver más tarde con un nuevo número 1.g Lo mismo ocurriría con la segunda colección arácnida, que entonces recibía el título de Peter Parker: Spider-Man (el antiguo de McFarlane). Los nuevos números 1 del lanzarredes llegarían, ya a comienzos de 1999, de la mano del escritor Howard Mackie, quien, desde años atrás, escribía alguna de las colecciones de Spider-Man, y del dibujante y guionista John Byrne, quien además trataría de redefinir el origen del personaje con una serie que pronto pasaría al olvido: Spider-Man: Chapter One. Ni el éxito comercial ni el de la crítica acompañaría a este relanzamiento en falso del personaje, que parecía, a juicio de todos, haber perdido su brillo de antaño."
	}, 

	{
	"imagen":"http://img2.wikia.nocookie.net/__cb20090328012644/marveldatabase/images/7/76/Marvel_Adventures_Spider-Man_Vol_1_1.jpg",
	"titulo":"Spiderman",
		"idcomic":"133",
	"fecha":"1985",
	"genero":"aventura",
	"personaje":"Spiderman",
	"empresa":"marvel",
	"idioma":"inglés",
	"cultura":"americana",
	"sinopsis":"Marvel habría anunciado que al personaje le esperaban grandes cambios en sus 5 teaser posters con el título “The Year of Spider-Man Is 2010”.12 Ya en el 2009, se inició una saga llamada “El Guantelete”, la que terminaría en “Cacería Siniestra”. Estas dos sagas narrarían el regreso de varios villanos clásicos del Trepa-Muros y la venganza de la familia de Kraven el cazador, los Kravinoff. Finalmente la familia Kravinoff es vencida lo que da lugar a El Origen de las Especies, en donde Spider-Man debe rescatar al bebe de Norman Osborn y Lily Hollyster del Dr. Octopus y los demás villanos vistos en El Guantelete (revelándose que el padre del niño es Harry). El año 2010 de Spider-Man termina con El Gran Momento, donde, aunque el trato con Mephisto sigue en pie, se borra todos los cambios de continuidad de Un Nuevo Día, como el regreso de Harry Osborn, el cual se marcha a cuidar a su hijo, Stanley. Peter consigue un empleo fijo y bien pagado como el nuevo científico estrella de los laboratorios Horizon. El Gran Momento trae de vuelta al Duende y a Wilson Fisk a la vida del superhéroe al igual que nuevos trajes para distintas funciones."
	}
]