[


	{
	"imagen":"http://www.zonanegativa.com/imagenes/2015/06/superman233.jpg",
	"titulo":"Superman",
		"idcomic":"134",
	"fecha":"1953",
	"genero":"aventura",
	"personaje":"SUPERMAN",
	"empresa":"DC COMICS",
	"idioma":"inglés",
	"cultura":"americana",
	"sinopsis":"Superman (cuyo nombre kryptoniano es Kal-El y su nombre terrestre es Clark Kent) es un personaje ficticio, un superhéroe de los cómics que aparece en las publicaciones de DC Comics.1 2 3 4 Creado por el escritor estadounidense Jerry Siegel y el artista canadiense Joe Shuster en 1933, cuando ambos se encontraban viviendo en Cleveland, Ohio; lo vendieron a Detective Comics, Inc. en 1938 por USD  1305 y la primera aventura del personaje fue publicada en Action Comics 1 (junio de 1938) para luego aparecer en varios seriales de radio, programas de televisión, películas, tiras periódicas y videojuegos. Con el éxito de sus aventuras, Superman ayudó a crear el género del superhéroe y estableció su primacía dentro del cómic estadounidense.1 La apariencia del personaje es distintiva e icónica: un traje azul y rojo, con una capa y un escudo de “S” estilizado en su pecho,6 7 8 escudo que se ha convertido en un símbolo del personaje en todo tipo de medios de comunicación.9"
	},
	
	{
	"imagen":"http://images3.wikia.nocookie.net/__cb20120825201350/marvel_dc/images/2/2d/Superman_v.2_154.jpg",
	"titulo":"Superman",
		"idcomic":"135",
	"fecha":"1953",
	"genero":"aventura",
	"personaje":"SUPERMAN",
	"empresa":"DC COMICS",
	"idioma":"inglés",
	"cultura":"americana",
	"sinopsis":"La historia original de Superman relata que nació con el nombre de Kal-El en el planeta Krypton; su padre, el científico Jor-El, y su madre Lara Lor-Van, lo enviaron en una nave espacial con destino a la Tierra cuando era un niño, momentos antes de la destrucción de su planeta. Fue descubierto y adoptado por Jonathan Kent y Martha Kent, una pareja de granjeros de Smallville, Kansas, que lo criaron con el nombre de Clark Kent y le inculcaron un estricto código moral. El joven Kent comenzó a mostrar habilidades superhumanas, las mismas que al llegar a su madurez decidiría usar para el beneficio de la humanidad."
	}, 
	
	{
	"imagen":"http://www.zonanegativa.com/imagenes/2016/04/SM_Cv1.jpg",
	"titulo":"Superman",
		"idcomic":"136",
	"fecha":"1953",
	"genero":"aventura",
	"personaje":"SUPERMAN",
	"empresa":"DC COMICS",
	"idioma":"inglés",
	"cultura":"americana",
	"sinopsis":"«el gran Boy Scout azul» por otros superhéroes, Superman también es conocido como «El Hombre de Acero», «El Hombre del Mañana» y «El Último Hijo de Krypton» por el público general de los cómics. Bajo la identidad de Clark Kent, Superman vive en medio de los humanos como un «tímido reportero» del diario Daily Planet de Metrópolis. Ahí trabaja junto a la reportera Lois Lane, con la cual ha sido vinculado románticamente. DC Comics/Warner Bros. expandió lentamente el reparto de personajes secundarios, poderes y símbolos de Superman a través de los años. Se modificó su pasado para permitir sus aventuras como Superboy y se crearon otros supervivientes de Krypton, incluyendo a Supergirl y Krypto, el Superperro. Además, Superman fue licenciado y adaptado a una gran variedad de medios, desde la radio a la televisión y el cine. En este último se dio la que quizás sea su interpretación más notable: Christopher Reeve tanto en Superman: la película (1978) como en su secuela Superman II (1981)."
	}, 
	
	{
	"imagen":"http://spanishsuperman.marianobayona.com/xs81.jpg",
	"titulo":"Superman",
		"idcomic":"137",
	"fecha":"1953",
	"genero":"aventura",
	"personaje":"SUPERMAN",
	"empresa":"DC COMICS",
	"idioma":"inglés",
	"cultura":"americana",
	"sinopsis":"Las películas de Richard Donner que recibieron la aclamación unánime de la crítica y se volvieron las películas más exitosas de Warner Bros. en su momento. No obstante, las dos siguientes secuelas, Superman III y Superman IV: The Quest for Peace no tuvieron tanto éxito a nivel de recaudación. La película Superman Returns, que fue estrenada en 2006, fue poco exitosa dentro de los Estados Unidos pero en el resto del mundo sobrepasó las expectativas iniciales de sus creadores.10 Desde el debut de Superman han transcurrido siete décadas, durante las cuales el personaje ha sido recreado y renovado en múltiples ocasiones. Una modificación mayor y significativa ocurrió en 1986, cuando el autor John Byrne modernizó y realizó un masivo retcon al personaje, reduciendo los poderes de Superman y eliminando varios personajes del canon, en una estrategia que atrajo mucha atención de los medios. Volvió a aparecer en la prensa en la década de 1990, cuando DC Comics publicó La Muerte de Superman, una historia en la que el personaje falleció y luego revivió."
	}, 
	
	{
	"imagen":"http://static.batanga.com/sites/default/files/styles/large/public/comics.batanga.com/files/La-portada-del-dia-Superman-218.jpg?itok=6Ocv7cSF",
	"titulo":"Superman",
		"idcomic":"138",
	"fecha":"1953",
	"genero":"aventura",
	"personaje":"SUPERMAN",
	"empresa":"DC COMICS",
	"idioma":"inglés",
	"cultura":"americana",
	"sinopsis":"Superman ha resultado fascinante para los académicos y tanto tesistas culturales como comentaristas y críticos han explorado el impacto del personaje y su rol en los Estados Unidos y en el resto del mundo. Umberto Eco discutió las cualidades mitológicas del personaje a inicios de los años 1960 y Larry Niven escribió sobre las características de una hipotética relación sexual entre el personaje y Lois Lane.11 La propiedad del personaje ha sido frecuentemente un objeto de disputa; Siegel y Shuster entablaron demandas en dos ocasiones para recuperar su posesión legal. Los derechos del personaje se encuentran de nuevo en discusión, debido a que los cambios a la ley de derechos de reproducción les permitieron a la esposa y a la hija de Siegel alegar por una parte de los derechos, algo que la compañía dueña de DC, Warner Bros., disputa."
	}, 
	
	{
	"imagen":"http://blogdesuperheroes.es/wp-content/plugins/BdSGallery/BdSGaleria/9834.jpg",
	"titulo":"Superman",
		"idcomic":"139",
	"fecha":"1953",
	"genero":"aventura",
	"personaje":"SUPERMAN",
	"empresa":"DC COMICS",
	"idioma":"inglés",
	"cultura":"americana",
	"sinopsis":"Jerry Siegel y Joe Shuster usaron por primera vez el término Superman en un cuento llamado «The Reign of the Super-Man» («El reino del Super-Hombre»), incluido en el tercer número de Science Fiction, fanzine de ciencia ficción que Siegel publicó en 1933. En él aparecía como un villano calvo con poderes telepáticos, empeñado en dominar el mundo entero.12 Siegel reescribió el personaje en 1933, transformándolo en un héroe con escaso o nulo parecido con el villano inicial; el héroe fue modelado a partir del actor Douglas Fairbanks y su álter ego, Clark Kent, de Harold Lloyd.13 14 A partir de entonces, Jerry Siegel y Shuster buscaron durante seis años una editorial que publicara The Superman. Se lo ofrecieron a Consolidated Book Publishing, editorial que había publicado un comic book de 48 páginas en blanco y negro titulado Detective Dan: Secret Operative No. 48. Aunque les respondieron con una carta alentadora, Consolidated Book Publishing no volvió a publicar comic books. Shuster lo tomó a pecho y quemó todas las páginas de la historia, exceptuando la portada, que Siegel logró rescatar del fuego. Tanto Siegel como Shuster compararon a este personaje con Slam Bradley, un aventurero que crearon para el primer número de Detective Comics, en 1939.15"
	}, 
	
	{
	"imagen":"https://qkltna.dm1.livefilestore.com/y2p_1jTkBtefbFMWXP1qcCedm6QD4IqxUDcqFhYXeQA98AfAWuOCw47He2AEGZIlaNWSG6SRq90EHb5JGZ2tewxD-AcdPovSL9f8jbbDwhkzL0/00.jpg?psid=1",
	"titulo":"Superman",
		"idcomic":"140",
	"fecha":"1953",
	"genero":"aventura",
	"personaje":"SUPERMAN",
	"empresa":"DC COMICS",
	"idioma":"inglés",
	"cultura":"americana",
	"sinopsis":"Los creadores redefinieron el personaje, que se volvió más parecido a un héroe de la tradición mitológica, inspirado en personajes como Sansón y Hércules,18 quien enmendaría los males de los tiempos de Siegel y Shuster, luchando por la justicia social y contra la tiranía. El disfraz apareció en esta etapa y Siegel recordaba que crearon «algo como un disfraz, y vamos a darle una gran S en el pecho, y una capa, y a hacerlo lo más colorido y distintivo que podamos».6 El diseño se basó en parte en los trajes de personajes de ambientes espaciales que aparecían en las revistas de pulp y en historietas como Flash Gordon,19 como también en la tradicional indumentaria del forzudo de circo.6 Sin embargo, la capa es muy diferente a la prenda de la típica tradición victoriana. Gary Engle la describió en Superman at Fifty: The Persistence of a Legend como «sin precedente en la cultura popular».20 La malla y los calzones sobre ella, propios de los artistas circenses, se establecieron pronto como la base de la vestimenta de muchos de los futuros superhéroes. Esta tercera versión del personaje fue dotada con habilidades extraordinarias, aunque de naturaleza física, en contraposición de las habilidades mentales del Superman malvado.6"
	}, 
	
	{
	"imagen":"http://static.comicvine.com/uploads/original/6/66303/2016585-prev_img.jpeg",
	"titulo":"Superman",
		"idcomic":"141",
	"fecha":"1953",
	"genero":"aventura",
	"personaje":"SUPERMAN",
	"empresa":"DC COMICS",
	"idioma":"inglés",
	"cultura":"americana",
	"sinopsis":"Shuster declaró en 1983 que tanto los nombres de las localidades como la identidad civil de Superman se inspiraron en el cine. «Jerry creó todos los nombres. Éramos grandes fanáticos del cine y nos inspiramos mucho en los actores y actrices que veíamos. En cuanto a Clark Kent, combinó los nombres de Clark Gable y Kent Taylor. Y Metrópolis, la ciudad que era su base de operaciones, viene de la película de Fritz Lang [Metrópolis, 1927], que a ambos nos gustaba». Aunque entonces le vendían material a los editores de comic books —en particular a National Allied Publishing, editorial de Malcolm Wheeler-Nicholson—, decidieron publicar su personaje en un formato de tira cómica en vez del formato de historia más largo, propio de los comic book, que se estaban estableciendo en ese tiempo. Se lo ofrecieron a Max Gaines —quien lo rechazó— y a United Feature Syndicate, quienes expresaron interés inicialmente pero terminaron por rechazar la tira en una carta fechada el 18 de febrero de 1937. Sin embargo, en lo que el historiador Les Daniels describe como «un increíblemente complicado giro de eventos», Max Gaines terminó por establecer la tira como la principal atracción de la nueva publicación de Wheeler-Nicholson: Action Comics. Vin Sullivan, editor de la nueva publicación, les escribió a Siegel y Shuster solicitando que las tiras cómicas debían adaptarse al formato de comic book, específicamente a ocho viñetas por página. Sin embargo, Siegel y Shuster decidieron ignorar este último requerimiento, usando en vez de ese formato su propia experiencia e ideas para crear la distribución de las viñetas e incluso Siegel eligió la viñeta que sería usada en la cubierta de Action Comics 1, la primera aparición de Superman.22"
	}, 
	
	{
	"imagen":"https://hablandodecomics.files.wordpress.com/2012/08/superman-75.jpg",
	"titulo":"Superman",
		"idcomic":"142",
	"fecha":"1953",
	"genero":"aventura",
	"personaje":"SUPERMAN",
	"empresa":"DC COMICS",
	"idioma":"inglés",
	"cultura":"americana",
	"sinopsis":"Siegel pudo haberse inspirado para crear el personaje de Superman por la muerte de su padre. Mitchell Siegel fue un inmigrante que tenía una tienda de ropa en el barrio de Lower East Side, en Nueva York. Murió durante un intento de asalto en 1932, un año antes de la creación de Superman. Aunque Siegel nunca mencionó la muerte de su padre en entrevistas, tanto Gerard Jones como Brad Meltzer creen que debe haberlo afectado. «Tiene que haber tenido un efecto» dijo Jones. «Hay una conexión ahí: la pérdida de un padre como el origen de Superman». Meltzer planteó: «tu padre muere en un asalto y tú inventas un hombre a prueba de balas que se convierte en el mayor héroe del mundo. Lo siento, pero hay una historia ahí». Publicación La primera aparición del superhéroe fue en 1938, en Action Comics 1; al año siguiente se lanzó la revista Superman. El primer número de Superman contenía aventuras que ya habían sido publicadas en Action Comics, pero a pesar de esto, alcanzó un mayor número de ventas.24 Ese mismo año, fue publicada New York World's Fair Comics, que en el verano de 1942 se transformó en World's Finest Comics. En All Star Comics 7, Superman hizo la primera de sus infrecuentes apariciones en calidad de miembro honorario de la Sociedad de la Justicia de América.25"
	}, 

	{
	"imagen":"http://3.bp.blogspot.com/-_ly9V3pPyb8/U-20mUC-IUI/AAAAAAABVb0/fzj6EGDA75Y/s1600/john_romita_snr_superman_a_p.jpg",
	"titulo":"Superman",
		"idcomic":"143",
	"fecha":"1953",
	"genero":"aventura",
	"personaje":"SUPERMAN",
	"empresa":"DC COMICS",
	"idioma":"inglés",
	"cultura":"americana",
	"sinopsis":"Al principio, Jerry Siegel y Joe Shuster producían todas las historias e ilustraciones para las tiras que se publicaban. Sin embargo, la vista de Shuster se comenzó a deteriorar y, con el aumento de las apariciones del personaje, aumentó la carga de trabajo. Por estas razones debió crear un estudio que lo ayudara con el arte,24 aunque insistió en dibujar personalmente el rostro de cada Superman producido. Aparte del estudio de Shuster, otros artistas empezaron a contribuir, como Jack Burnley, quien suministró portadas e historias a partir de 1940,12 y Fred Ray, que desde 1941 creó una serie de portadas, algunas de las cuales alcanzaron el estatus de icono y fueron replicadas muchas veces, como la de Superman 14. Wayne Boring, que en un principio trabajaba en el estudio de Shuster, comenzó a trabajar para DC Comics en forma independiente en 1942, creando páginas tanto para Superman como para Action Comics.26 A Al Plastino, aunque había sido contratado para copiar a Wayne Boring, se le permitió crear su propio estilo, y se convirtió en uno de los artistas de Superman más prolíficos durante las «Edades de Oro y Plata» de los comics books.27"
	}
]