[
	
	{
	"imagen":"http://comicsbulletin.com/main/sites/default/files/reviews/images/1212/ww0.jpeg",
	"titulo":"WONDERWOMAN",
		"idcomic":"150",
	"fecha":"1985",
	"genero":"aventura",
	"personaje":"wonderwoman",
	"empresa":"DC COMICS",
	"idioma":"inglés",
	"cultura":"americana",
	"sinopsis":"La Mujer Maravilla (en inglés: Wonder Woman) es una superheroína ficticia creada por William Moulton Marston para la editorial DC Comics. El personaje es una princesa guerrera de las amazonas (basado en la mitológica raza de las amazonas de la mitología griega) y es conocida en su tierra natal como la princesa Diana de Themyscira. Cuando está fuera de su tierra natal, utiliza un alter-ego, por lo que también es conocida por su identidad secreta Diana Prince. Está dotada de una amplia gama de poderes superhumanos y habilidades de combate de batalla superiores, gracias a sus dones obtenidos de los dioses y su amplio entrenamiento. Ella posee un gran arsenal de armas, incluyendo entre las principales el lazo de la verdad, un par de brazaletes mágicos indestructibles, su tiara, que sirve como arma, y en algunos relatos, en la edad de oro, tuvo un avión invisible."
	},
	
	{
	"imagen":"https://www.ecccomics.com/content/productos/1638/wonderwoman_num10.jpg",
	"titulo":"WONDERWOMAN",
		"idcomic":"151",
	"fecha":"1985",
	"genero":"aventura",
	"personaje":"wonderwoman",
	"empresa":"DC COMICS",
	"idioma":"inglés",
	"cultura":"americana",
	"sinopsis":"El personaje apareció como tal publicada por primera vez en la revista de historietas All Star Comics #8 (de diciembre de 1941)1 y con su alter-ego en el Sensation Comics #1 (de enero de 1942).2 El título de historietas de la Mujer Maravilla ha sido publicada por DC Comics casi continuamente a excepción de un breve período donde no tuvo serie en 1986.3 Su representación como una heroína que lucha por la justicia, el amor, la paz y la igualdad sexual ha llevado a la Mujer Maravilla a convertirse en un icono feminista.4 5 6 Creada durante la Segunda Guerra Mundial, el personaje fue representada inicialmente en su lucha contra las fuerzas militares de ocupación del El Eje, así como una gran selección de supervillanos. Wonder Woman se ha ganado un gran elenco formidable de enemigos empeñados en la eliminación de la amazona, incluyendo villanos clásicos como Cheetah, Ares y la bruja Circe, y entre los más nuevos como Genocidio y El Círculo, así como también la enemistad y/o rivalidad de muchos dioses y monstruos de la mitología griega. Wonder Woman también ha aparecido regularmente en las historietas en los grupos de superhéroes como en la Sociedad de la Justicia de América (desde 1941) y la Liga de la Justicia (desde 1960).7"
	}, 
	
	{
	"imagen":"http://i2.wp.com/blogdesuperheroes.es/wp-content/plugins/BdSGallery/BdSGaleria/41817.jpg",
	"titulo":"WONDERWOMAN",
		"idcomic":"152",
	"fecha":"1985",
	"genero":"aventura",
	"personaje":"wonderwoman",
	"empresa":"DC COMICS",
	"idioma":"inglés",
	"cultura":"americana",
	"sinopsis":"Además de las historietas, el personaje ha hecho apariciones en otros medios de comunicación; más notablemente, la serie de televisión Wonder Woman (1975-1979), protagonizada por Lynda Carter, así como series animadas como los Super Amigos, la Liga de la Justicia y otro sinnúmero de cameos de otras series animadas. A raíz de la serie de televisión de Carter, varios estudios han luchado por introducir una nueva versión de la serie de acción en vivo de la Mujer Maravilla para el público, aunque el personaje ha continuado figurando en una gran variedad de juguetes y mercancías, así como las adaptaciones animadas en películas para DVD, incluyendo una película propia para el personaje. Los intentos de devolver a la Mujer Maravilla a la televisión han incluido un episodio piloto fallido para la NBC en 2011, seguido de cerca por otra producción estancada por parte de The CW.8 9 En 2013 se anunció que la actriz y modelo Israelí Gal Gadot interpretará a la Mujer Maravilla en la película de 2016 Batman v Superman: Dawn of Justice.10"
	}, 
	
	{
	"imagen":"https://brainstomping.files.wordpress.com/2012/04/wonder-woman-311-cover.jpg",
	"titulo":"WONDERWOMAN",
		"idcomic":"153",
	"fecha":"1985",
	"genero":"aventura",
	"personaje":"wonderwoman",
	"empresa":"DC COMICS",
	"idioma":"inglés",
	"cultura":"americana",
	"sinopsis":"Es una de las pocas heroínas que no tiene una contraparte masculina y se la considera informalmente junto con Batman y Superman como integrante de la Trinidad de DC Comics, siendo considerados estos tres superhéroes como los más importantes de esta compañía. A lo largo de los años, el título de Wonder Woman lo han poseído también otras amazonas, como son la misma Reina Hipólita, y su hermana, Donna Troy. En una entrevista realizada el 25 de octubre de 1940 en la revista Family Circle, William Moulton Marston discutió el medio potencial que nunca se había podido explotar.11 En este artículo llamó la atención del editor de historietas Max Gaines, quien contrató a Marston como consultor educativo para National Periodicals y All-American Publications, dos de las empresas que se fusionarían para formar DC Comics.12 En ese momento, Marston decidió desarrollar a un nuevo superhéroe; Con la ayuda de su esposa, Elizabeth, sugirió que creara a una superheroína femenina:13 14"
	}, 
	
	{
	"imagen":"https://s-media-cache-ak0.pinimg.com/736x/cc/87/52/cc8752465ff9c94db870b7c753a8e5e3.jpg",
	"titulo":"WONDERWOMAN",
		"idcomic":"154",
	"fecha":"1985",
	"genero":"aventura",
	"personaje":"wonderwoman",
	"empresa":"DC COMICS",
	"idioma":"inglés",
	"cultura":"americana",
	"sinopsis":"Marston introdujo la idea de Gaines, co-fundador de All-American Publications. Dándole el visto bueno, Marston desarrolló a la Mujer Maravilla junto con su esposa Elizabeth, a quien Marston cree que resultó ser el modelo de la poco convencional mujer liberal de la época.14 Marston también se inspiró en Oliva Byrne, una mujer de la época que vivía con su pareja en una relación poliamorosa.15 Las dos mujeres fueron la mejor influencia como modelos para la creación del personaje.14 Wonder Woman debutaría en All-Star Comics #8 (diciembre de 1941),16 con un guion de Marston y con los dibujos de Harry G. Peter. Wonder Woman fue nombrada inicialmente suprema en el primer guion de Marston, pero este nombre no fue utilizado.17  Además, Marston fue el creador de un aparato que mide el sistema de presión de la sangre, que fue crucial para el desarrollo de la prueba del polígrafo (el detector de mentiras). La experiencia de Marston con el polígrafo le convenció de que las mujeres eran más honestas y confiables que los hombres y podían trabajar más eficientemente.19"
	}, 
	
	{
	"imagen":"https://s-media-cache-ak0.pinimg.com/564x/ae/03/0c/ae030c737dde71f25fed31732a726a37.jpg",
	"titulo":"WONDERWOMAN",
		"idcomic":"155",
	"fecha":"1985",
	"genero":"aventura",
	"personaje":"wonderwoman",
	"empresa":"DC COMICS",
	"idioma":"inglés",
	"cultura":"americana",
	"sinopsis":"urante la Edad de Plata, el personaje quedó bajo el guión de Robert Kanigher, y el origen de la Mujer Maravilla fue renovado,24 junto con otros personajes. La nueva revisión sobre sus orígenes permitó dar a conocer nuevos personajes de orígen helénicos y sus raíces mitológicas: recibiría la bendición de cada deidad en su nacimiento, Diana estaría destinada a convertirse tan bella como Afrodita, sabia como Atenea, tan fuerte como Hércules, y tan rápida como Hermes. A finales de la década de 1960, bajo la dirección de Mike Sekowsky, Wonder Woman entregaría sus poderes con el fin de permanecer en el mundo humano en lugar de acompañar a sus compañeras amazonas a otra dimensión. La Mujer Maravilla comenzaría a utilizar el alias de Diana Prince y abrió una tienda de ropa. Aprendería artes marciales de un mentor chino llamado I Ching, además de habilidades en el uso de armas. Usando su capacidad de combate en lugar de sus poderes, Diana participaría en aventuras que abarcabaron una variedad de géneros, desde el espionaje hasta la mitología.26 A principios de 1970 el personaje volvería a sus raíces como superhéroe en la Liga de la Justicia de América y desde la Segunda Guerra Mundial con su propio título.28"
	}
]