[
	{
	"imagen":"http://static.batanga.com/sites/default/files/styles/large/public/comics.batanga.com/files/5-comics-para-entender-X-Men-Apocalypse-2.jpg?itok=DjnA59Db",
	"titulo":"X-MEN",
		"idcomic":"156",
	"fecha":"1985",
	"genero":"aventura",
	"personaje":"ninguno",
	"empresa":"marvel",
	"idioma":"inglés",
	"cultura":"americana",
	"sinopsis":"La primera aparición del grupo se produjo en el Uncanny X-Men # 1, en septiembre de 1963.7 Al percatarse del surgimiento masivo de mutantes por todo el mundo después de la Segunda Guerra Mundial, y del rechazo y el temor que generaban en la humanidad, el Profesor Charles Xavier un mutante con grandes poderes telepáticos, decidió invertir parte de su fortuna en convertir su vieja mansión estilo victoriano ubicada en el pueblo de Westchester, Nueva York, en una escuela para entrenar a jóvenes mutantes en el uso de sus poderes. Xavier sabía muy bien que parte del rechazo de la humanidad hacia los mutantes es derivado del temor que causan mutantes inexpertos a la hora de usar sus poderes. Inaugura así la Escuela Xavier para Jóvenes Dotados, una institución con reconocimiento académico oficial como una secundaria/preparatoria (high-school). Pero en secreto Xavier la ha equipado perfectamente como un centro de entrenamiento de primer nivel para mutantes. El objetivo de Xavier es que sus alumnos conformen un equipo de superhéroes mutantes. Él cree que ayudando a humanos y mutantes por igual con un equipo superheróico (al estilo de los Cuatro Fantásticos o los Avengers), le ayudara a los mutantes a ganar el respeto y reconocimiento de los humanos. El equipo original fue conformado por cinco mutantes adolescentes: Cíclope, Iceman, Bestia, Arcángel y Jean Grey. En su primera misión, los X-Men enfrentarán a un viejo conocido del Profesor Xavier, el mutante Magneto, el Amo del Magnetismo que a partir de entonces se convertirá en su archi-enemigo por antonomasia."
	},
	
	{
	"imagen":"https://www.google.es/imgres?imgurl=http%3A%2F%2Fvignette3.wikia.nocookie.net%2Fmarvel%2Fimages%2Fa%2Fa8%2FThe_X-Men_N%25C2%25B01_portada.jpg%2Frevision%2Flatest%3Fcb%3D20131119224647%26path-prefix%3Des&imgrefurl=http%3A%2F%2Fes.marvel.wikia.com%2Fwiki%2FThe_X-Men_Vol_1_1&docid=b_nWk1JKV9K98M&tbnid=-HTo2aHjrJcc2M%3A&w=800&h=1211&bih=838&biw=1288&ved=0ahUKEwjl2-HkupzPAhVBlhQKHVcdC-IQMwgeKAIwAg&iact=mrc&uact=8",
	"titulo":"X-MEN",
		"idcomic":"157",
	"fecha":"1985",
	"genero":"aventura",
	"personaje":"ninguno",
	"empresa":"marvel",
	"idioma":"inglés",
	"cultura":"americana",
	"sinopsis":"En una de sus primeras misiones los X-Men estuvieron a punto de reclutar a un adulto a sus filas, el mutante Blob. Más adelante se enfrentan también a la Hermandad de mutantes diabólicos, la respuesta de Magneto a los X-Men de Xavier. Entre algunas de las primeras amenazas a las que se enfrentan los X-Men se encuentran el imparable Juggernaut, malvado hermanastro del Profesor-X; visitan también por primera vez La Tierra Salvaje, una jungla prehistórica oculta en la Antártida. Otros de sus primeros enemigos fueron los Centinelas, gigantescos robots cazadores de mutantes creados por el científico Bolivar Trask. También combatieron al super equipo de villanos conocido como el Factor-Tres. Poco después de su conformación, los X-Men aceptaron en sus filas a un nuevo integrante, el mutante artificial conocido como Mímico. Sin embargo, poco después de unirse al grupo, Mimico sufrió un accidente que lo mantuvo incapacitado por varios años. Más adelante, el Profesor-X se vio forzado a abandonar al grupo para combatir el intento de invasión a la Tierra de los alienígenas Z'Nox. Xavier partió en secreto y solo Jean Grey supo la verdad. Para ocupar su lugar dentro de los X-Men, Xavier contrato a Changeling, un mutante metamorfo que lo suplantó en el equipo. Por desgracia, poco después de aliarse al grupo, Morfo muere en una misión haciéndoles creer a los X-Men que el verdadero Xavier había muerto. Más adelante Xavier regresó y con ayuda de los X-Men venció a los Z'Nox. Más tarde otros dos mutantes son aceptados en el grupo: Polaris, la hija de Magneto, y Havok, el hermano menor de Cíclope, quién es rescatado de las garras de la criatura conocida como Sauron. No obstante, Polaris y Havok serán considerados únicamente como miembros de reserva. Los X-Men permanecieron juntos por varios años. Bestia realizó algunas aventuras en solitario en las páginas dela revista Amazing Adventures."
	}, 
	
	{
	"imagen":"http://vignette3.wikia.nocookie.net/marvel/images/1/15/The_X-Men_N%C2%B02_portada.jpg/revision/latest?cb=20131119230530&path-prefix=es",
	"titulo":"X-MEN",
		"idcomic":"158",
	"fecha":"1985",
	"genero":"aventura",
	"personaje":"ninguno",
	"empresa":"marvel",
	"idioma":"inglés",
	"cultura":"americana",
	"sinopsis":"La serie fue relanzada con guiones de Chris Claremont y Dave Cockrum, conservando únicamente a Xavier y Cíclope del grupo original (aunque más adelante se anexaría también Jean Grey). La nueva formación de X-Men hizo su debut en la revista Giant Size X-Men #1, en 1975. Los X-Men originales (excepto Cíclope), son secuestrados por Krakoa, la Isla Viviente. De esta manera, Xavier decide reclutar a un grupo de mutantes para que los ayuden a él y a Cíclope a rescatar a los X-Men originales. Esta formación estaba compuesta por Wolverine, mutante canadiense, ex agente del gobierno de Canadá; Tormenta, mutante con poderes de control climático, venerada como una diosa en las sabanas de África; Nightcrawler, mutante alemán de peculiar aspecto demoniaco; Coloso, mutante de origen soviético; Ave de Trueno, un indio Apache, así como el irlandés Banshee y el japonés Fuego Solar, que ya habían aparecido previamente en las historias de los X-Men. Fue digno de destacar el origen internacional y multi-étnico de este nuevo grupo, que incluyó a miembros de minorías raciales de Estados Unidos (un indígena y una afroamericana), así como un japonés, un alemán y un soviético, originarios de países con relaciones históricamente tensas con los Estados Unidos. Este segundo equipo rescató exitosamente a los X-Men originales de las garras de Krakoa. Al volver a Nueva York, los X-Men originales (salvo Cíclope y Jean Grey) abandonan al grupo dejando espacio a la nueva generación. Poco después, Fuego Solar abandonó la formación argumentando que no quería pertenecer a ningún grupo, y Ave de Trueno murió tras la segunda misión a manos del villano Conde Nefaria."
	}, 
	
	{
	"imagen":"https://s-media-cache-ak0.pinimg.com/736x/73/ba/0b/73ba0bb42ff6deeacdf31ef2191762fd.jpg",
	"titulo":"X-MEN",
		"idcomic":"159",
	"fecha":"1985",
	"genero":"aventura",
	"personaje":"ninguno",
	"empresa":"marvel",
	"idioma":"inglés",
	"cultura":"americana",
	"sinopsis":"La Emperatriz Lilandra hace un llamado de auxilio al Profesor X. Su hermana, la princesa rebelde Ave de Muerte, ha realizado un golpe de estado en su contra, en combinación con una raza de alienígenas parásitos conocidos como los Brood. Los X-Men viajan en su ayuda, siendo secuestrados por los Brood y llevados hasta su horrible planeta. En la Tierra, Xavier cree que los X-Men han muerto. Los X-Men logran escapar del mundo de los Brood con ayuda de Lockheed, un simpático extraterrestre con apariencia de dragón perteneciente a la raza Flock. El mundo de los Brood es destruido. Eventualmente, y con ayuda de los Starjammers y de Carol Danvers, los X-Men derrotan a Ave de Muerte y Lilandra recupera el trono. Lockheed se une a los X-Men al volver a la Tierra. Mientras tanto, en la Tierra, al creer que los X-Men habían muerto, Xavier recluta y forma un grupo de jóvenes mutantes: Los Nuevos Mutantes (cuyas aventuras se desarrollarán en un spin-off titulado Nuevos Mutantes). El primer grupo estará encarnado por Bala de Cañón, Danielle Moonstar, Wolfsbane, Sunspot y Karma. Los Nuevos Mutantes se convierten en discípulos, socios y aliados de los X-Men."
	}, 
	
	{
	"imagen":"http://static.batanga.com/sites/default/files/styles/large/public/comics.batanga.com/files/5-comics-para-entender-X-Men-Apocalypse-5.jpg?itok=tPZf3AU_",
	"titulo":"X-MEN",
		"idcomic":"160",
	"fecha":"1985",
	"genero":"aventura",
	"personaje":"ninguno",
	"empresa":"marvel",
	"idioma":"inglés",
	"cultura":"americana",
	"sinopsis":"Tras la marcha de Byrne de la colección, desfilaron varios dibujantes de los que destacan Dave Cockrum (el cual ya había intervenido en la colección), Paul Smith, John Romita Jr. y Marc Silvestri hasta la llegada de Jim Lee en la etapa final de Claremont. Tras la marcha de Claremont en el # 280 se creó el spin-off X-Men desde el nº1. De los artistas contemporáneos podemos destacar a Alan Davis y Grant Morrison y la vuelta de Chris Claremont a estos títulos tras más de 15 años sin participar en títulos mutantes aparte de una miniserie de Wolverine y a la serie regular de X-Treme X-Men. Una nueva etapa comenzará para los X-Men en la primera década del siglo XXI, con tres publicaciones diferentes: X-Treme X-Men (Chris Claremont/Salvador Larroca), Uncanny X-Men y el título X-Men, que es rebautizado como Nuevos X-Men (bajo la batuta de Grant Morrison."
	}, 
	
	{
	"imagen":"http://static.batanga.com/sites/default/files/styles/large/public/comics.batanga.com/files/La-portada-del-dia-X-Men-101-2.jpg?itok=BkOvJPll",
	"titulo":"X-MEN",
		"idcomic":"161",
	"fecha":"1985",
	"genero":"aventura",
	"personaje":"ninguno",
	"empresa":"marvel",
	"idioma":"inglés",
	"cultura":"americana",
	"sinopsis":"En el 2006 la editorial, Marvel Comics, ha puesto como referentes creativos a Ed Brubaker en Uncanny X-Men y a Mike Carey en X-Men. Además sigue editándose con gran éxito una tercera colección, Astonishing X-Men, aparecida en el 2004 y guionizada por Joss Whedon. Similitudes[editar] La versión original de los X-Men guarda grandes similitudes con la Patrulla Condenada, una serie de DC Comics estrenada 3 meses antes. Ambas tratan sobre un grupo de super héroes rechazados por la sociedad (un enfoque menos frecuente en la época que en la actualidad) y son liderados por un hombre de gran inteligencia en silla de ruedas (Charles Xavier y Niles Caulder respectivamente). Esto llevó al creador de la Patrulla Condenada, Arnold Drake, a acusar a Stan Lee de robarle la idea6"
	}, 
	
	{
	"imagen":"http://www.entrecomics.com/wp-content/uploads/2013/01/xmen39.jpg",
	"titulo":"X-MEN",
		"idcomic":"162",
	"fecha":"1985",
	"genero":"aventura",
	"personaje":"ninguno",
	"empresa":"marvel",
	"idioma":"inglés",
	"cultura":"americana",
	"sinopsis":"Los creadores de The X-Men fueron Stan Lee y Jack Kirby. El primer número de The X-Men salió a la venta en septiembre de 1963. Stan Lee permaneció al frente de la colección hasta el nº19 y Jack Kirby hasta el número 18. En el apartado artístico, tras la partida de Jack Kirby trabajaron en la serie Don Heck (con diferentes entintadores) o Neal Adams, que sin duda marcarían el final de esta época. Los primeros guiones estuvieron a cargo de Stan Lee, y tras su marcha le relevó Roy Thomas, aunque Stan siguió ejerciendo control sobre los guiones de su sucesor. Contrariamente a los deseos de Thomas, Stan Lee obligó a que Banshee fuera un hombre, y que Mímico no se sumara como nuevo miembro estable del grupo. Sin embargo el autor más importante de los X-Men ha sido Chris Claremont que empezó colaborando en los guiones en el The Uncanny X-Men # 90 y estuvo en la colección hasta el # 280 de forma ininterrumpida. La gran virtud de este guionista fue dotar a estos personajes de una humanidad que nunca antes se había visto en el mundo del cómic americano. La popularidad de los mutantes hoy en día se debe a las bases que cimentó Claremont. Poco después, el dibujante Dave Cockrum es sustituido por el dibujante canadiense John Byrne, que junto con Claremont llevaría al grupo a los mayores niveles de popularidad desde su creación. Es en esta etapa cuando tiene lugar el nacimiento de Fénix (evolución del personaje de Jean Grey), uno de los momentos más recordados de la época de Claremont, y que en general supondría la eclosión de los X-Men como fuente de desarrollo de tramas e historias, adquiriendo progresivamente más importancia dentro de la editorial."
	}, 
	
	{
	"imagen":"http://8bitgeeks.com/wp-content/uploads/2014/05/xm-000.jpg",
	"titulo":"X-MEN",
		"idcomic":"163",
	"fecha":"1985",
	"genero":"aventura",
	"personaje":"ninguno",
	"empresa":"marvel",
	"idioma":"inglés",
	"cultura":"americana",
	"sinopsis":"En 1991 se creó un spin-off, titulado X-Men (a secas). The Uncanny X-Men y The X-Men narraban historias generalmente entremezclando a los dos equipos de X-Men existentes en ese momento de su historia (el azul y el dorado). Con la llegada del afamado guionista Grant Morrison, de 2001 a 2004 la serie X-Men fue renombrada New X-Men. A partir de 2002 todos los títulos de las colecciones retiraron el artículo The de sus títulos. Durante breves momentos de la serie, han existido algunos otros títulos alternativos como X-Treme X-Men o Astonishing X-Men, aunque su duración ha sido relativamente breve. Actualmente se publican cinco colecciones regulares: Amazing X-Men, Uncanny X-Men (volumen 3), X-Men (volumen 2), All-New X-Men y Wolverine and the X-Men."
	}, 
	
	{
	"imagen":"http://www.bidtobid.com/comprar-vender/wp-content/uploads/2015/11/The_X-Men_N%C2%B01_portada.jpg",
	"titulo":"X-MEN",
		"idcomic":"164",
	"fecha":"1985",
	"genero":"aventura",
	"personaje":"ninguno",
	"empresa":"marvel",
	"idioma":"inglés",
	"cultura":"americana",
	"sinopsis":"La serie original, The X-Men (luego publicada bajo el nombre de Uncanny X-Men) apareció en septiembre de 1963, como una analogía de la tensión racial que se vivía en los Estados Unidos en la época, siendo los líderes de la raza mutante, Magneto, y el Profesor Xavier (haciendo alusión a los líderes afroamericanos Martin Luther King y el ya mencionado Malcolm X). El primer grupo no consiguió despertar el interés del público y fue cancelado a principios de los 70. En 1975 el equipo es re-lanzado con importantes cambios. La serie estuvo a cargo del guionista Len Wein (que solo duró un número) y Chris Claremont (que lo sustituiría). Los X-Men se convirtieron en uno de los cómics de superhéroes de mayor éxito, impulsando docenas de otros títulos y las carreras de los artistas y guionistas que trabajaban en él. Los X-Men se ha mantenido desde entonces como uno de los sellos distintivos de la compañía Marvel Comics. En 1991 se creó un spin-off, titulado X-Men (a secas). The Uncanny X-Men y The X-Men narraban historias generalmente entremezclando a los dos equipos de X-Men existentes en ese momento de su historia (el azul y el dorado). Con la llegada del afamado guionista Grant Morrison, de 2001 a 2004 la serie X-Men fue renombrada New X-Men. A partir de 2002 todos los títulos de las colecciones retiraron el artículo The de sus títulos."
	}, 
	{
	"imagen":"http://2.bp.blogspot.com/-Y4pkcI94ghI/ULO8RIXTlyI/AAAAAAAACsc/OUa5YaPZM2A/s000/02-01-Orig.jpg",
	"titulo":"X-MEN",
		"idcomic":"165",
	"fecha":"1985",
	"genero":"aventura",
	"personaje":"ninguno",
	"empresa":"marvel",
	"idioma":"inglés",
	"cultura":"americana",
	"sinopsis":"Después de establecer los fundamentos de la serie, Stan Lee propuso que, tanto los héroes como los villanos, serían mutantes. La serie se llamara The Mutants (Los Mutantes). Ese nombre fue rechazado por el editor Martin Goodman, quien consideraba que los lectores más jóvenes no sabrían qué es un mutante. Buscando otro nombre, Stan Lee pensó en llamarlos xmen, y se basó entonces en la X del famoso activista social afroamericano Malcolm X (que luchaba por los derechos de los ciudadanos negros en EE.UU). Así, el profesor pasaba a ser el fue elegido por ser un nombre que empezara con dicha letra), y sus alumnos serían los  (Hombres-X), un nombre que sí fue aprobado por Goodman.4"
	},
	
	{
	"imagen":"https://s-media-cache-ak0.pinimg.com/564x/e7/74/7a/e7747ab51a49955cd10c4c9a6a770dab.jpg",
	"titulo":"X-MEN",
		"idcomic":"166",
	"fecha":"1985",
	"genero":"aventura",
	"personaje":"ninguno",
	"empresa":"marvel",
	"idioma":"inglés",
	"cultura":"americana",
	"sinopsis":"El tema principal en sus historias es la persecución del denominado sueño de Xavier: la integración de los mutantes en una sociedad humana que les teme y que a la vez necesita su protección. Por este motivo, Charles Xavier (a veces llamado como el Profesor X o simplemente el profesor) decide reclutar a un grupo de jóvenes mutantes y adiestrarlos en el uso de sus poderes, con el doble fin de proteger a los humanos de mutantes malvados, así como de defender a los mutantes del miedo de los humanos. En contrapartida, otros grupos de mutantes buscarían rebelarse violentamente contra la humanidad; el principal de ellos sería el encabezado por Magneto, el archienemigo del grupo."
	},
	
	{
	"imagen":"http://static.batanga.com/sites/default/files/styles/large/public/comics.batanga.com/files/La-portada-del-dia-Uncanny-X-Men-58.png?itok=CDoAyU7y",
	"titulo":"X-MEN",
		"idcomic":"167",
	"fecha":"1985",
	"genero":"aventura",
	"personaje":"ninguno",
	"empresa":"marvel",
	"idioma":"inglés",
	"cultura":"americana",
	"sinopsis":"X-Men, también conocidos como Patrulla-X en España 1 2 y Los Hombres X o en hispanoamérica, son un grupo de superhéroes del Universo Marvel creado por Stan Lee y Jack Kirby. Hizo su primera aparición en septiembre de 1963, en las páginas del cómic (The Uncanny) X-Men # 1. 3 Sus aventuras han sido publicadas en diversos cómics de Marvel Comics, llegando a disfrutar de varias colecciones mensuales dedicadas a ellos. Además, se han realizado varias adaptaciones en series de animación, spin-offs y películas. La serie parte de la idea de que la evolución humana seguiría activa, encontrándose de hecho ante una encrucijada en la que nacería una nueva especie con grandes poderes y capacidades, los mutantes. Los protagonistas de X-Men son un grupo de ellos; los mutantes se caracterizan, de entre los personajes superheróicos de los cómics, porque han adquirido superpoderes gracias a mutaciones y cambios en su estructura genética"
	},
	
	{
	"imagen":"http://cloud10.todocoleccion.online/tebeos-bruguera/tc/2011/06/09/27379512.jpg",
	"titulo":"ZIPI Y ZAPE",
		"idcomic":"168",
	"fecha":"1955",
	"genero":"aventura",
	"personaje":"ninguno",
	"empresa":"bruguera",
	"idioma":"español",
	"cultura":"europea",
	"sinopsis":"Zipi y Zape es una historieta humorística creada y desarrollada por el autor español José Escobar a partir de 1948, la más popular de las suyas, y una de las más populares del medio en España, sólo por detrás de Mortadelo y Filemón, al menos en su época.1 Adscrita habitualmente a la escuela Bruguera, ha gozado además de multitud de adaptaciones a otros medios, así como una continuación por parte de Juan Carlos Ramis y Joaquín Cera."
	},
	
	{
	"imagen":"http://www.tebeosfera.com/imagenes/publicaciones/7/5/publicaciones-F377-738-128-875.jpg",
	"titulo":"ZIPI Y ZAPE",
		"idcomic":"169",
	"fecha":"1955",
	"genero":"aventura",
	"personaje":"ninguno",
	"empresa":"bruguera",
	"idioma":"español",
	"cultura":"europea",
	"sinopsis":"Zipi y Zape se enmarca en la tradición de niños revoltosos del cómic que parte de Max und Moritz (1865) y pasa por The Katzenjammer Kids (1897).2 1 Aparecieron de forma oficial en el número 58 del tebeo Pulgarcito, aunque Escobar ya había publicado historietas similares uno o dos años antes.3 Todas sus primeras historietas eran breves, de entre 1 a 8 páginas. Pronto empezaron a publicarse también en otras revistas de la casa: Súper Pulgarcito (1949), Ven y Ven(1959), Gran Pulgarcito (1969) y Mortadelo (1970).4 Escobar produjo entonces algunas historietas de mayor extensión, alcanzando las 44 páginas del clásico álbum franco-belga:"
	}, 
	
	{
	"imagen":"http://www.tebeosfera.com/imagenes/numeros/7/3/zipi-y-zapeprimavera-1973.jpg",
	"titulo":"ZIPI Y ZAPE",
		"idcomic":"170",
	"fecha":"1973",
	"genero":"aventura",
	"personaje":"ninguno",
	"empresa":"bruguera",
	"idioma":"español",
	"cultura":"europea",
	"sinopsis":"En 1971, Zipi y Zape consiguió sus propias revistas: La homónima de carácter semanal, y el mensual Super Zipi y Zape.1 También ese año, sus aventuras empezarón a ser recopiladas en álbumes de la Colección Olé o los tomos de Súper Humor, Magos del humor, etc. Se editaron además libros con chistes y curiosidades diversas. En 1976 su revista alcanzaba una tirada semanal de 124.500 ejemplares.5 Dos años después, Bruguera lanzó otra revista más. En los años ochenta, Escobar se vio obligado a abandonar sus personajes ante el declive económico de Bruguera, y creó una serie similar, Terre y Moto, para la revista Guai! (Grijalbo, 1986).1"
	}, 
	
	{
	"imagen":"http://cloud10.todocoleccion.online/tebeos-bruguera/tc/2010/11/04/22540873.jpg",
	"titulo":"ZIPI Y ZAPE",
		"idcomic":"171",
	"fecha":"1955",
	"genero":"aventura",
	"personaje":"ninguno",
	"empresa":"bruguera",
	"idioma":"español",
	"cultura":"europea",
	"sinopsis":"Al adquirir Ediciones B el fondo editorial de Bruguera, Escobar regresó a sus personajes clásicos. Continuó trabajando en la serie, a pesar de su avanzada edad, hasta su muerte en 1994. Durante esta época Juan Carlos Ramis en las revistas contenedoras de las historietas Zipi y Zape dibujaba a estos personajes en secciones temáticas a dos páginas, o en la sección nuestro album de fotos en el cual dibujaba fotos de la familia Zapatilla en situaciones absurdas, muy características del humor de Ramis. 83En el año 2000, los herederos de Escobar dieron el visto bueno para que Juan Carlos Ramis y Joaquín Cera continuasen la saga, pero tuvieron escaso éxito.5 Crearon las siguientes historietas largas"
	}, 
	
	{
	"imagen":"https://scriptoriumav.files.wordpress.com/2014/07/escobar-07.jpg",
	"titulo":"ZIPI Y ZAPE",
		"idcomic":"172",
	"fecha":"1955",
	"genero":"aventura",
	"personaje":"ninguno",
	"empresa":"bruguera",
	"idioma":"español",
	"cultura":"europea",
	"sinopsis":"Otro rasgo a destacar es que ambos son muy forofos del fútbol, deporte que practican constantemente, Zipi es del Real Madrid y Zape del FC Barcelona, como demostraron cuando en una historieta (posteriormente a la muerte de su creador José Escobar y reeditados para la adaptación a los nuevos tiempos), Zipi se vistió con la camiseta de Zidane y Zape con la de Saviola, en otra, Zipi juega en una consola con el Madrid y los jugadores Buyo y Butragueño, y Zape con el Barça y los jugadores Urruti y Clos."
	}, 
	
	{
	"imagen":"http://cloud10.todocoleccion.online/tebeos-bruguera/fot/2007/07/29/5545727.jpg",
	"titulo":"ZIPI Y ZAPE",
		"idcomic":"173",
	"fecha":"1955",
	"genero":"aventura",
	"personaje":"ninguno",
	"empresa":"bruguera",
	"idioma":"español",
	"cultura":"europea",
	"sinopsis":"Este par de gemelos, que se distinguen entre sí por ser uno moreno (Zape) y otro rubio (Zipi), se caracterizaban principalmente por las endiabladas travesuras en que incurrían a la menor ocasión. Los mismos nombres de los protagonistas provienen de la palabra zipizape, que significa alboroto. La personalidad de Zipi y Zape es muy simple, son muchachos traviesos e inquietos, lo que no quita que tengan un buen corazón. De hecho, una obsesión suya es lo que ellos llaman Hacer una buena obra. Generalmente el resultado es desastroso y suelen acabar sus historietas con alguien persiguiéndoles, o siendo recluidos por su padre en el cuarto de los ratones.1 En cualquier caso, los castigos que recibían eran mucho más crueles en sus primeras historietas.3 Y es que el Decreto de 24 de junio de 1955 sobre ordenación de la prensa infantil y juvenil, había obligado a su autor a suavizar la crudeza de la serie.2"
	}
]